-- MySQL Script generated by MySQL Workbench
-- Thu 25 Oct 2018 17:37:32 BST
-- Model: New Model    Version: 1.0
-- MySQL Workbench Forward Engineering

SET @OLD_UNIQUE_CHECKS=@@UNIQUE_CHECKS, UNIQUE_CHECKS=0;
SET @OLD_FOREIGN_KEY_CHECKS=@@FOREIGN_KEY_CHECKS, FOREIGN_KEY_CHECKS=0;
SET @OLD_SQL_MODE=@@SQL_MODE, SQL_MODE='ONLY_FULL_GROUP_BY,STRICT_TRANS_TABLES,NO_ZERO_IN_DATE,NO_ZERO_DATE,ERROR_FOR_DIVISION_BY_ZERO,NO_ENGINE_SUBSTITUTION';

-- -----------------------------------------------------
-- Schema Website ERD 2012
-- -----------------------------------------------------

-- -----------------------------------------------------
-- Table `setting`
-- -----------------------------------------------------
DROP TABLE IF EXISTS `setting` ;

CREATE TABLE IF NOT EXISTS `setting` (
  `uuid` VARCHAR(36) NOT NULL,
  `slug` VARCHAR(255) NOT NULL COMMENT 'Clean URL. Refs: \n- https://en.wikipedia.org/wiki/Slug_(publishing) \n- https://en.wikipedia.org/wiki/Clean_URL#Slug',
  `type` VARCHAR(255) NOT NULL,
  `value` MEDIUMTEXT NULL DEFAULT NULL,
  `hide` INT(1) NOT NULL DEFAULT '0',
  `important` INT(1) NOT NULL DEFAULT '0' COMMENT 'To mark as important to prevent being deleted by other users. Only developer can make a row as important and delete it.',
  `comment` LONGTEXT NULL DEFAULT NULL,
  `created_on` INT UNSIGNED NOT NULL,
  `updated_on` INT UNSIGNED NOT NULL,
  PRIMARY KEY (`uuid`),
  UNIQUE INDEX `uuid_UNIQUE` (`uuid` ASC))
ENGINE = MyISAM
DEFAULT CHARACTER SET = utf8
COMMENT = 'Constants setting data that used throughout the website.'
PACK_KEYS = DEFAULT;


-- -----------------------------------------------------
-- Table `category`
-- -----------------------------------------------------
DROP TABLE IF EXISTS `category` ;

CREATE TABLE IF NOT EXISTS `category` (
  `uuid` VARCHAR(36) NOT NULL,
  `slug` VARCHAR(255) NOT NULL COMMENT 'Clean URL. Refs: \n- https://en.wikipedia.org/wiki/Slug_(publishing) \n- https://en.wikipedia.org/wiki/Clean_URL#Slug',
  `type` VARCHAR(255) NOT NULL DEFAULT 'unassigned',
  `title` VARCHAR(255) NOT NULL,
  `sort` INT(10) NOT NULL DEFAULT '1',
  `hide` INT(1) NOT NULL DEFAULT '0',
  `important` INT(1) NOT NULL DEFAULT '0' COMMENT 'To mark as important to prevent being deleted by other users. Only developer can make a row as important and delete it.',
  `created_on` INT UNSIGNED NOT NULL,
  `updated_on` INT UNSIGNED NOT NULL,
  PRIMARY KEY (`uuid`),
  UNIQUE INDEX `uuid_UNIQUE` (`uuid` ASC))
ENGINE = MyISAM
DEFAULT CHARACTER SET = utf8
COMMENT = 'Categories used by any tables in this db.';


-- -----------------------------------------------------
-- Table `user`
-- -----------------------------------------------------
DROP TABLE IF EXISTS `user` ;

CREATE TABLE IF NOT EXISTS `user` (
  `uuid` VARCHAR(36) NOT NULL,
  `slug` VARCHAR(255) NOT NULL COMMENT 'Clean URL. Refs: \n- https://en.wikipedia.org/wiki/Slug_(publishing) \n- https://en.wikipedia.org/wiki/Clean_URL#Slug',
  `type` VARCHAR(255) NOT NULL COMMENT 'developer, admin, member, etc.',
  `email` VARCHAR(45) NOT NULL,
  `username` VARCHAR(255) NOT NULL,
  `screen_name` VARCHAR(255) NULL DEFAULT NULL COMMENT 'Visible to the public, eg - appear on html. Not unique.',
  `password` VARCHAR(255) NOT NULL COMMENT 'Hashed password for logging in.',
  `password_old` VARCHAR(255) NULL DEFAULT NULL,
  `secret` VARCHAR(255) NULL DEFAULT NULL COMMENT 'Hashed secret for security.',
  `hint` VARCHAR(255) NULL DEFAULT NULL COMMENT 'Hint for secret if the secret is forgotten.',
  `salt` VARCHAR(255) NULL DEFAULT NULL COMMENT 'Permanent salt key, used for creating user\'s long ID.',
  `signature` VARCHAR(255) NULL DEFAULT NULL COMMENT 'Permanent long ID for logging in. @important: It equates with \'key\' but \'key\' is one the MySQL reserved keywords. If you want to use \'key\', then must  escape it with back tick character (`) eg: `key` in your SQL query.',
  `important` INT(1) NOT NULL DEFAULT '0' COMMENT 'To mark as important to prevent being deleted by other users. Only developer can make a row as important and delete it.',
  `verified` INT(1) NOT NULL DEFAULT '0',
  `visited_on` INT UNSIGNED NULL DEFAULT NULL COMMENT 'Time and date of last logged in or last visited.',
  `created_on` INT UNSIGNED NOT NULL,
  `updated_on` INT UNSIGNED NOT NULL,
  PRIMARY KEY (`uuid`),
  UNIQUE INDEX `user_name_UNIQUE` (`username` ASC),
  UNIQUE INDEX `salt_UNIQUE` (`salt` ASC),
  UNIQUE INDEX `signature_UNIQUE` (`signature` ASC),
  UNIQUE INDEX `uuid_UNIQUE` (`uuid` ASC),
  UNIQUE INDEX `email_UNIQUE` (`email` ASC),
  UNIQUE INDEX `password_old_UNIQUE` (`password_old` ASC),
  UNIQUE INDEX `password_UNIQUE` (`password` ASC))
ENGINE = MyISAM
DEFAULT CHARACTER SET = utf8
COMMENT = 'Users who can access the db tables, such as admins and members.';


-- -----------------------------------------------------
-- Table `resource`
-- -----------------------------------------------------
DROP TABLE IF EXISTS `resource` ;

CREATE TABLE IF NOT EXISTS `resource` (
  `uuid` VARCHAR(36) NOT NULL,
  `user_uuid` VARCHAR(36) NOT NULL,
  `type` VARCHAR(255) NOT NULL COMMENT 'image, document, video, audio.',
  `source` VARCHAR(255) NOT NULL COMMENT 'Local encoded file source.',
  `ext` VARCHAR(255) NOT NULL COMMENT 'jpg, png, gif.',
  `mime_type` VARCHAR(255) NOT NULL COMMENT 'image/jpeg, image/png, image/gif.\n',
  `created_on` INT UNSIGNED NOT NULL,
  `updated_on` INT UNSIGNED NOT NULL,
  PRIMARY KEY (`uuid`, `user_uuid`),
  UNIQUE INDEX `uuid_UNIQUE` (`uuid` ASC))
ENGINE = MyISAM
DEFAULT CHARACTER SET = utf8
COMMENT = 'Images that used by the site such as jpg, gif, and png.';


-- -----------------------------------------------------
-- Table `nav`
-- -----------------------------------------------------
DROP TABLE IF EXISTS `nav` ;

CREATE TABLE IF NOT EXISTS `nav` (
  `uuid` VARCHAR(36) NOT NULL,
  `slug` VARCHAR(255) NOT NULL COMMENT 'Clean URL. Refs: \n- https://en.wikipedia.org/wiki/Slug_(publishing) \n- https://en.wikipedia.org/wiki/Clean_URL#Slug',
  `type` VARCHAR(255) NOT NULL DEFAULT 'unassigned' COMMENT 'unassigned',
  `title` VARCHAR(255) NOT NULL COMMENT 'Designate as screen/ public name that can be seen by general admins and the public. Public.',
  `href` VARCHAR(255) NULL DEFAULT NULL COMMENT 'An external URL that this menu is linked to.',
  `sort` INT(10) NOT NULL DEFAULT '1' COMMENT '@important: \'sort\' it equates to \'order\' but \'order\' is one the MySQL reserved keywords. If you want to use \'order\', then you must  escape it with back tick character (`) eg: `order` in your SQL query.',
  `hide` INT(1) NOT NULL DEFAULT '0',
  `important` INT(1) NOT NULL DEFAULT '0' COMMENT 'To mark as important to prevent being deleted by other users. Only developer can make a row as important and delete it.',
  `created_on` INT UNSIGNED NOT NULL,
  `updated_on` INT UNSIGNED NOT NULL,
  PRIMARY KEY (`uuid`),
  UNIQUE INDEX `uuid_UNIQUE` (`uuid` ASC))
ENGINE = MyISAM
AUTO_INCREMENT = 10
DEFAULT CHARACTER SET = utf8
COMMENT = 'Nav for the site front.';


-- -----------------------------------------------------
-- Table `article`
-- -----------------------------------------------------
DROP TABLE IF EXISTS `article` ;

CREATE TABLE IF NOT EXISTS `article` (
  `uuid` VARCHAR(36) NOT NULL,
  `slug` VARCHAR(255) NOT NULL COMMENT 'Clean URL. Refs: \n- https://en.wikipedia.org/wiki/Slug_(publishing) \n- https://en.wikipedia.org/wiki/Clean_URL#Slug',
  `type` VARCHAR(255) NOT NULL DEFAULT 'page' COMMENT 'page, post, etc.',
  `title` VARCHAR(255) NOT NULL,
  `subtitle` VARCHAR(255) NULL DEFAULT NULL,
  `description` MEDIUMTEXT NULL DEFAULT NULL,
  `abstract` MEDIUMTEXT NULL DEFAULT NULL COMMENT 'A shortened form of the article, giving only the most important facts or ideas.',
  `excerpt` MEDIUMTEXT NULL DEFAULT NULL COMMENT 'Or extract - a short part taken from the article.',
  `introduction` MEDIUMTEXT NULL DEFAULT NULL,
  `content` LONGTEXT NULL DEFAULT NULL,
  `password` VARCHAR(255) NULL DEFAULT NULL COMMENT 'Add a password to protect the article from being accessed on the front html.',
  `sort` INT(10) NOT NULL DEFAULT '1' COMMENT '@important: \'sort\' it equates to \'order\' but \'order\' is one the MySQL reserved keywords. If you want to use \'order\', then you must  escape it with back tick character (`) eg: `order` in your SQL query.',
  `hide` INT(1) NOT NULL DEFAULT '0',
  `featured` INT(1) NOT NULL DEFAULT '0',
  `important` INT(1) NOT NULL DEFAULT '0' COMMENT 'To mark as important to prevent being deleted by other users. Only developer can make a row as important and delete it.',
  `trashed` INT(1) NOT NULL DEFAULT '0' COMMENT 'Check as protected on the front html. Only can be access via a password, etc.',
  `created_by` INT(10) NOT NULL DEFAULT '1' COMMENT 'User id of the user who created this page.',
  `updated_by` INT(10) NULL DEFAULT NULL COMMENT 'User id of the user who updated this page.',
  `date_from` INT UNSIGNED NULL DEFAULT NULL COMMENT 'Set the article as new or featured from a datetime.',
  `date_to` INT UNSIGNED NULL DEFAULT NULL COMMENT 'Set the article as new or featured to a datetime.',
  `backdated_on` INT UNSIGNED NULL DEFAULT NULL COMMENT 'The manual datetime that is modified or input by the user.',
  `created_on` INT UNSIGNED NOT NULL COMMENT 'The permanent datetime when the article is created.',
  `updated_on` INT UNSIGNED NOT NULL,
  PRIMARY KEY (`uuid`),
  UNIQUE INDEX `uuid_UNIQUE` (`uuid` ASC))
ENGINE = MyISAM
DEFAULT CHARACTER SET = utf8
COMMENT = 'Entity that holds the article with one-to-one properties.'
INSERT_METHOD = NO
KEY_BLOCK_SIZE = 1;


-- -----------------------------------------------------
-- Table `tag`
-- -----------------------------------------------------
DROP TABLE IF EXISTS `tag` ;

CREATE TABLE IF NOT EXISTS `tag` (
  `uuid` VARCHAR(36) NOT NULL,
  `slug` VARCHAR(255) NOT NULL COMMENT 'Clean URL. Refs: \n- https://en.wikipedia.org/wiki/Slug_(publishing) \n- https://en.wikipedia.org/wiki/Clean_URL#Slug',
  `type` VARCHAR(255) NOT NULL DEFAULT 'unassigned' COMMENT 'unassigned',
  `title` VARCHAR(255) NOT NULL COMMENT 'Designate as screen/ public name that can be seen by general admins and the public.',
  `sort` INT(10) NOT NULL DEFAULT '1' COMMENT '@important: \'sort\' it equates to \'order\' but \'order\' is one the MySQL reserved keywords. If you want to use \'order\', then you must  escape it with back tick character (`) eg: `order` in your SQL query.',
  `hide` INT(1) NOT NULL DEFAULT '0',
  `important` INT(1) NOT NULL DEFAULT '0' COMMENT 'To mark as important to prevent being deleted by other users. Only developer can make a row as important and delete it.',
  `created_on` INT UNSIGNED NOT NULL,
  `updated_on` INT UNSIGNED NOT NULL,
  PRIMARY KEY (`uuid`),
  UNIQUE INDEX `tag_uuid_UNIQUE` (`uuid` ASC))
ENGINE = MyISAM
DEFAULT CHARACTER SET = utf8
COMMENT = 'Single keywords used to tag a page, etc.';


-- -----------------------------------------------------
-- Table `template`
-- -----------------------------------------------------
DROP TABLE IF EXISTS `template` ;

CREATE TABLE IF NOT EXISTS `template` (
  `uuid` VARCHAR(36) NOT NULL,
  `slug` VARCHAR(255) NOT NULL COMMENT 'Clean URL. Refs: \n- https://en.wikipedia.org/wiki/Slug_(publishing) \n- https://en.wikipedia.org/wiki/Clean_URL#Slug',
  `title` VARCHAR(255) NOT NULL COMMENT 'Designate as screen/ public name that can be seen by general admins. public.',
  `filename` VARCHAR(255) NOT NULL,
  `sort` INT(10) NOT NULL DEFAULT '1' COMMENT '@important: \'sort\' it equates to \'order\' but \'order\' is one the MySQL reserved keywords. If you want to use \'order\', then you must  escape it with back tick character (`) eg: `order` in your SQL query.',
  `hide` INT(1) NOT NULL DEFAULT '0',
  `important` INT(1) NOT NULL DEFAULT '0' COMMENT 'To mark as important to prevent being deleted by other users. Only developer can make a row as important and delete it.',
  `created_on` INT UNSIGNED NOT NULL,
  `updated_on` INT UNSIGNED NOT NULL,
  PRIMARY KEY (`uuid`),
  UNIQUE INDEX `name_UNIQUE` (`title` ASC),
  UNIQUE INDEX `uuid_UNIQUE` (`uuid` ASC),
  UNIQUE INDEX `slug_UNIQUE` (`slug` ASC))
ENGINE = MyISAM
DEFAULT CHARACTER SET = utf8
COMMENT = 'Templates used by the site front.';


-- -----------------------------------------------------
-- Table `person`
-- -----------------------------------------------------
DROP TABLE IF EXISTS `person` ;

CREATE TABLE IF NOT EXISTS `person` (
  `uuid` VARCHAR(36) NOT NULL,
  `passcode` VARCHAR(255) NOT NULL COMMENT 'Code for verifying email on registration, reset, and invite. Always acts together with email to enforce the security.',
  `social_title` VARCHAR(255) NULL DEFAULT NULL COMMENT 'A word which is used before someone\'s name, stating their social rank, qualifications, position in an organization, sex, etc. Such as Mr, Ms, Dr, Prof, etc.',
  `full_name` VARCHAR(255) NULL DEFAULT NULL COMMENT 'Full name that includes first and last name.',
  `first_name` VARCHAR(255) NULL DEFAULT NULL COMMENT 'First given name.',
  `last_name` VARCHAR(255) NULL DEFAULT NULL COMMENT 'Last given name.',
  `introduction` MEDIUMTEXT NULL DEFAULT NULL,
  `biography` MEDIUMTEXT NULL DEFAULT NULL,
  `website` MEDIUMTEXT NULL DEFAULT NULL COMMENT 'Personal website.',
  `gender` VARCHAR(255) NULL DEFAULT NULL,
  `date_of_birth` VARCHAR(255) NULL DEFAULT NULL,
  `address` MEDIUMTEXT NULL DEFAULT NULL COMMENT 'Personal full address.',
  `address_line_1` VARCHAR(255) NULL DEFAULT NULL COMMENT 'Personal address.',
  `address_line_2` VARCHAR(255) NULL DEFAULT NULL COMMENT 'Personal address.',
  `address_line_3` VARCHAR(255) NULL DEFAULT NULL COMMENT 'Personal address.',
  `town` VARCHAR(255) NULL DEFAULT NULL COMMENT 'Personal address.',
  `city` VARCHAR(255) NULL DEFAULT NULL COMMENT 'Personal address.',
  `state` VARCHAR(255) NULL DEFAULT NULL COMMENT 'Personal address - a state or a county of a country',
  `country` VARCHAR(255) NULL DEFAULT NULL COMMENT 'Personal address.',
  `postcode` VARCHAR(255) NULL DEFAULT NULL COMMENT 'Personal address.',
  `telephone` VARCHAR(255) NULL DEFAULT NULL COMMENT 'Personal telephone.',
  `mobilephone` VARCHAR(255) NULL DEFAULT NULL COMMENT 'Personal mobile phone.',
  `university` VARCHAR(255) NULL DEFAULT NULL,
  `university_email` VARCHAR(255) NULL DEFAULT NULL,
  `university_degree` VARCHAR(255) NULL DEFAULT NULL,
  `university_graduation_year` VARCHAR(255) NULL DEFAULT NULL,
  `job_title` VARCHAR(255) NULL DEFAULT NULL COMMENT 'Job title.',
  `organisation` VARCHAR(255) NULL DEFAULT NULL COMMENT 'Company name.',
  `organisation_website` MEDIUMTEXT NULL DEFAULT NULL COMMENT 'Company website.',
  `organisation_address` MEDIUMTEXT NULL DEFAULT NULL COMMENT 'Company full address.',
  `created_on` INT UNSIGNED NOT NULL,
  `updated_on` INT UNSIGNED NOT NULL,
  PRIMARY KEY (`uuid`),
  UNIQUE INDEX `passcode_UNIQUE` (`passcode` ASC),
  UNIQUE INDEX `uuid_UNIQUE` (`uuid` ASC))
ENGINE = MyISAM
DEFAULT CHARACTER SET = utf8
COMMENT = 'Person as supertype.';


-- -----------------------------------------------------
-- Table `article_tag`
-- -----------------------------------------------------
DROP TABLE IF EXISTS `article_tag` ;

CREATE TABLE IF NOT EXISTS `article_tag` (
  `article_uuid` VARCHAR(36) NOT NULL,
  `tag_uuid` VARCHAR(36) NOT NULL,
  PRIMARY KEY (`article_uuid`, `tag_uuid`))
ENGINE = MyISAM
DEFAULT CHARACTER SET = utf8
COMMENT = 'Articles that have been tagged.';


-- -----------------------------------------------------
-- Table `article_user`
-- -----------------------------------------------------
DROP TABLE IF EXISTS `article_user` ;

CREATE TABLE IF NOT EXISTS `article_user` (
  `article_uuid` VARCHAR(36) NOT NULL,
  `user_uuid` VARCHAR(36) NOT NULL,
  PRIMARY KEY (`article_uuid`, `user_uuid`))
ENGINE = MyISAM
DEFAULT CHARACTER SET = utf8
COMMENT = 'Articles that created by the user.';


-- -----------------------------------------------------
-- Table `article_resource`
-- -----------------------------------------------------
DROP TABLE IF EXISTS `article_resource` ;

CREATE TABLE IF NOT EXISTS `article_resource` (
  `uuid` VARCHAR(36) NOT NULL,
  `article_uuid` VARCHAR(36) NOT NULL,
  `resource_uuid` VARCHAR(36) NOT NULL,
  `subtype` VARCHAR(255) NOT NULL DEFAULT 'unassigned' COMMENT 'unassigned, carousal, photo_album, featured, cover\n',
  `title` VARCHAR(255) NULL DEFAULT NULL,
  `description` MEDIUMTEXT NULL DEFAULT NULL,
  `caption` MEDIUMTEXT NULL DEFAULT NULL,
  `href` VARCHAR(255) NULL DEFAULT NULL COMMENT 'URL that you can use in <a> tag to wrap the <img> tag.',
  `sort` INT(10) NOT NULL DEFAULT '1',
  PRIMARY KEY (`uuid`, `article_uuid`, `resource_uuid`),
  UNIQUE INDEX `uuid_UNIQUE` (`uuid` ASC))
ENGINE = MyISAM
DEFAULT CHARACTER SET = utf8
COMMENT = 'Article has resource.';


-- -----------------------------------------------------
-- Table `article_category`
-- -----------------------------------------------------
DROP TABLE IF EXISTS `article_category` ;

CREATE TABLE IF NOT EXISTS `article_category` (
  `article_uuid` VARCHAR(36) NOT NULL,
  `category_uuid` VARCHAR(36) NOT NULL,
  PRIMARY KEY (`article_uuid`, `category_uuid`))
ENGINE = MyISAM
DEFAULT CHARACTER SET = utf8
COMMENT = 'Articles with categories such as a blog may have categories.';


-- -----------------------------------------------------
-- Table `meta`
-- -----------------------------------------------------
DROP TABLE IF EXISTS `meta` ;

CREATE TABLE IF NOT EXISTS `meta` (
  `uuid` VARCHAR(36) NOT NULL,
  `normalised_uuid` VARCHAR(36) NOT NULL COMMENT 'Normalised ID which is PK of the table which links to this table.',
  `type` VARCHAR(255) NOT NULL COMMENT 'article, image, nav, etc',
  `subtype` VARCHAR(255) NOT NULL COMMENT 'meta_title, meta_keywords, content_1, content_2, etc.',
  `value` LONGTEXT NOT NULL,
  `created_on` INT UNSIGNED NOT NULL,
  `updated_on` INT UNSIGNED NOT NULL,
  PRIMARY KEY (`uuid`, `normalised_uuid`),
  UNIQUE INDEX `uuid_UNIQUE` (`uuid` ASC))
ENGINE = MyISAM
DEFAULT CHARACTER SET = utf8
COMMENT = 'Normalized entity that holds metadata strings.';


-- -----------------------------------------------------
-- Table `article_article`
-- -----------------------------------------------------
DROP TABLE IF EXISTS `article_article` ;

CREATE TABLE IF NOT EXISTS `article_article` (
  `article_uuid1` VARCHAR(36) NOT NULL COMMENT 'Page id to be tagged.',
  `article_uuid2` VARCHAR(36) NOT NULL COMMENT 'The different page id that the page id is tagged to.',
  `relationship` VARCHAR(255) NOT NULL COMMENT 'parent_child, related_article',
  PRIMARY KEY (`article_uuid1`, `article_uuid2`))
ENGINE = MyISAM
DEFAULT CHARACTER SET = utf8
COMMENT = 'Article that tagged to another article. To be used in Related article function in CMS.';


-- -----------------------------------------------------
-- Table `language`
-- -----------------------------------------------------
DROP TABLE IF EXISTS `language` ;

CREATE TABLE IF NOT EXISTS `language` (
  `uuid` VARCHAR(36) NOT NULL,
  `slug` VARCHAR(255) NOT NULL COMMENT 'Clean URL. Refs: \n- https://en.wikipedia.org/wiki/Slug_(publishing) \n- https://en.wikipedia.org/wiki/Clean_URL#Slug',
  `code_long` VARCHAR(255) NOT NULL,
  `title` VARCHAR(255) NOT NULL COMMENT 'Publc name.',
  `created_on` INT UNSIGNED NOT NULL,
  `updated_on` INT UNSIGNED NOT NULL,
  PRIMARY KEY (`uuid`),
  UNIQUE INDEX `pub_name_UNIQUE` (`title` ASC),
  UNIQUE INDEX `code_long_UNIQUE` (`code_long` ASC),
  UNIQUE INDEX `uuid_UNIQUE` (`uuid` ASC),
  UNIQUE INDEX `slug_UNIQUE` (`slug` ASC))
ENGINE = MyISAM
AUTO_INCREMENT = 72
DEFAULT CHARACTER SET = utf8
COMMENT = 'Entity that holds HTML content or plain text content.';


-- -----------------------------------------------------
-- Table `article_template`
-- -----------------------------------------------------
DROP TABLE IF EXISTS `article_template` ;

CREATE TABLE IF NOT EXISTS `article_template` (
  `article_uuid` VARCHAR(36) NOT NULL,
  `template_uuid` VARCHAR(36) NOT NULL,
  PRIMARY KEY (`article_uuid`, `template_uuid`))
ENGINE = MyISAM
DEFAULT CHARACTER SET = utf8;


-- -----------------------------------------------------
-- Table `nav_nav`
-- -----------------------------------------------------
DROP TABLE IF EXISTS `nav_nav` ;

CREATE TABLE IF NOT EXISTS `nav_nav` (
  `nav_uuid1` VARCHAR(36) NOT NULL,
  `nav_uuid2` VARCHAR(36) NOT NULL,
  `relationship` VARCHAR(255) NOT NULL COMMENT 'parent_child',
  PRIMARY KEY (`nav_uuid1`, `nav_uuid2`))
ENGINE = MyISAM
DEFAULT CHARACTER SET = utf8;


-- -----------------------------------------------------
-- Table `tag_tag`
-- -----------------------------------------------------
DROP TABLE IF EXISTS `tag_tag` ;

CREATE TABLE IF NOT EXISTS `tag_tag` (
  `tag_uuid1` VARCHAR(36) NOT NULL,
  `tag_uuid2` VARCHAR(36) NOT NULL,
  `relationship` VARCHAR(255) NOT NULL COMMENT 'parent_child',
  PRIMARY KEY (`tag_uuid1`, `tag_uuid2`))
ENGINE = MyISAM
DEFAULT CHARACTER SET = utf8;


-- -----------------------------------------------------
-- Table `translation`
-- -----------------------------------------------------
DROP TABLE IF EXISTS `translation` ;

CREATE TABLE IF NOT EXISTS `translation` (
  `uuid` VARCHAR(36) NOT NULL,
  `language_uuid` VARCHAR(36) NOT NULL,
  `normalised_uuid` VARCHAR(36) NOT NULL COMMENT 'Normalised ID which is PK of the table which links to this table.',
  `type` VARCHAR(255) NOT NULL COMMENT 'article, image, nav, etc',
  `subtype` VARCHAR(255) NOT NULL COMMENT 'subtitle, desciption, etc in \'article\' (type).\n',
  `value` LONGTEXT NOT NULL,
  `created_on` INT UNSIGNED NOT NULL,
  `updated_on` INT UNSIGNED NOT NULL,
  PRIMARY KEY (`uuid`, `language_uuid`, `normalised_uuid`),
  UNIQUE INDEX `uuid_UNIQUE` (`uuid` ASC))
ENGINE = MyISAM
DEFAULT CHARACTER SET = utf8
COMMENT = 'Normalized entity that holds translation strings.';


-- -----------------------------------------------------
-- Table `user_person`
-- -----------------------------------------------------
DROP TABLE IF EXISTS `user_person` ;

CREATE TABLE IF NOT EXISTS `user_person` (
  `user_uuid` VARCHAR(36) NOT NULL,
  `person_uuid` VARCHAR(36) NOT NULL,
  PRIMARY KEY (`user_uuid`, `person_uuid`))
ENGINE = MyISAM
DEFAULT CHARACTER SET = utf8;


-- -----------------------------------------------------
-- Table `nav_article`
-- -----------------------------------------------------
DROP TABLE IF EXISTS `nav_article` ;

CREATE TABLE IF NOT EXISTS `nav_article` (
  `nav_uuid` VARCHAR(36) NOT NULL,
  `article_uuid` VARCHAR(36) NOT NULL,
  PRIMARY KEY (`nav_uuid`, `article_uuid`))
ENGINE = MyISAM
DEFAULT CHARACTER SET = utf8;


SET SQL_MODE=@OLD_SQL_MODE;
SET FOREIGN_KEY_CHECKS=@OLD_FOREIGN_KEY_CHECKS;
SET UNIQUE_CHECKS=@OLD_UNIQUE_CHECKS;

-- -----------------------------------------------------
-- Data for table `setting`
-- -----------------------------------------------------
START TRANSACTION;
INSERT INTO `setting` (`uuid`, `slug`, `type`, `value`, `hide`, `important`, `comment`, `created_on`, `updated_on`) VALUES ('1', 'owner-realname', 'owner', 'example realname', DEFAULT, DEFAULT, NULL, unix_timestamp(now()), unix_timestamp(now()));
INSERT INTO `setting` (`uuid`, `slug`, `type`, `value`, `hide`, `important`, `comment`, `created_on`, `updated_on`) VALUES ('2', 'owner-penname', 'owner', 'example penname', DEFAULT, DEFAULT, NULL, unix_timestamp(now()), unix_timestamp(now()));
INSERT INTO `setting` (`uuid`, `slug`, `type`, `value`, `hide`, `important`, `comment`, `created_on`, `updated_on`) VALUES ('3', 'site-title', 'site', 'example', DEFAULT, DEFAULT, NULL, unix_timestamp(now()), unix_timestamp(now()));
INSERT INTO `setting` (`uuid`, `slug`, `type`, `value`, `hide`, `important`, `comment`, `created_on`, `updated_on`) VALUES ('4', 'site-slogan', 'site', 'example slogan', DEFAULT, DEFAULT, NULL, unix_timestamp(now()), unix_timestamp(now()));
INSERT INTO `setting` (`uuid`, `slug`, `type`, `value`, `hide`, `important`, `comment`, `created_on`, `updated_on`) VALUES ('5', 'site-domain', 'site', 'example.com', DEFAULT, DEFAULT, NULL, unix_timestamp(now()), unix_timestamp(now()));
INSERT INTO `setting` (`uuid`, `slug`, `type`, `value`, `hide`, `important`, `comment`, `created_on`, `updated_on`) VALUES ('6', 'site-http', 'site', 'http://example.com', DEFAULT, DEFAULT, NULL, unix_timestamp(now()), unix_timestamp(now()));
INSERT INTO `setting` (`uuid`, `slug`, `type`, `value`, `hide`, `important`, `comment`, `created_on`, `updated_on`) VALUES ('7', 'meta-description', 'meta', 'example site is about...', DEFAULT, DEFAULT, NULL, unix_timestamp(now()), unix_timestamp(now()));
INSERT INTO `setting` (`uuid`, `slug`, `type`, `value`, `hide`, `important`, `comment`, `created_on`, `updated_on`) VALUES ('8', 'meta-keywords', 'meta', 'keyword, keyword, keyword', DEFAULT, DEFAULT, NULL, unix_timestamp(now()), unix_timestamp(now()));
INSERT INTO `setting` (`uuid`, `slug`, `type`, `value`, `hide`, `important`, `comment`, `created_on`, `updated_on`) VALUES ('9', 'meta-title', 'meta', 'example title', DEFAULT, DEFAULT, NULL, unix_timestamp(now()), unix_timestamp(now()));
INSERT INTO `setting` (`uuid`, `slug`, `type`, `value`, `hide`, `important`, `comment`, `created_on`, `updated_on`) VALUES ('10', 'email-private', 'email', 'private@example.com', DEFAULT, DEFAULT, NULL, unix_timestamp(now()), unix_timestamp(now()));
INSERT INTO `setting` (`uuid`, `slug`, `type`, `value`, `hide`, `important`, `comment`, `created_on`, `updated_on`) VALUES ('11', 'email-company', 'email', 'company@example.com', DEFAULT, DEFAULT, NULL, unix_timestamp(now()), unix_timestamp(now()));
INSERT INTO `setting` (`uuid`, `slug`, `type`, `value`, `hide`, `important`, `comment`, `created_on`, `updated_on`) VALUES ('12', 'email-noreply', 'email', 'noreply@example.com', DEFAULT, DEFAULT, NULL, unix_timestamp(now()), unix_timestamp(now()));
INSERT INTO `setting` (`uuid`, `slug`, `type`, `value`, `hide`, `important`, `comment`, `created_on`, `updated_on`) VALUES ('13', 'email-support', 'email', 'support@example.com', DEFAULT, DEFAULT, NULL, unix_timestamp(now()), unix_timestamp(now()));
INSERT INTO `setting` (`uuid`, `slug`, `type`, `value`, `hide`, `important`, `comment`, `created_on`, `updated_on`) VALUES ('14', 'theme-package-name', 'theme', 'blue', DEFAULT, DEFAULT, NULL, unix_timestamp(now()), unix_timestamp(now()));

COMMIT;


-- -----------------------------------------------------
-- Data for table `category`
-- -----------------------------------------------------
START TRANSACTION;
INSERT INTO `category` (`uuid`, `slug`, `type`, `title`, `sort`, `hide`, `important`, `created_on`, `updated_on`) VALUES ('1', 'sample-category-1', 'blog', 'Sample Category 1', 1, 0, 0, unix_timestamp(now()), unix_timestamp(now()));
INSERT INTO `category` (`uuid`, `slug`, `type`, `title`, `sort`, `hide`, `important`, `created_on`, `updated_on`) VALUES ('2', 'sample-category-2', 'blog', 'Sample Category 2', 2, 0, 0, unix_timestamp(now()), unix_timestamp(now()));
INSERT INTO `category` (`uuid`, `slug`, `type`, `title`, `sort`, `hide`, `important`, `created_on`, `updated_on`) VALUES ('3', 'sample-category-3', 'blog', 'Sample Category 3', 3, 0, 0, unix_timestamp(now()), unix_timestamp(now()));
INSERT INTO `category` (`uuid`, `slug`, `type`, `title`, `sort`, `hide`, `important`, `created_on`, `updated_on`) VALUES ('4', 'sample-category-1', 'projects', 'Sample Category 1', 1, 0, 0, unix_timestamp(now()), unix_timestamp(now()));
INSERT INTO `category` (`uuid`, `slug`, `type`, `title`, `sort`, `hide`, `important`, `created_on`, `updated_on`) VALUES ('5', 'sample-category-2', 'projects', 'Sample Category 2', 2, 0, 0, unix_timestamp(now()), unix_timestamp(now()));
INSERT INTO `category` (`uuid`, `slug`, `type`, `title`, `sort`, `hide`, `important`, `created_on`, `updated_on`) VALUES ('6', 'sample-category-3', 'projects', 'Sample Category 3', 3, 0, 0, unix_timestamp(now()), unix_timestamp(now()));

COMMIT;


-- -----------------------------------------------------
-- Data for table `user`
-- -----------------------------------------------------
START TRANSACTION;
INSERT INTO `user` (`uuid`, `slug`, `type`, `email`, `username`, `screen_name`, `password`, `password_old`, `secret`, `hint`, `salt`, `signature`, `important`, `verified`, `visited_on`, `created_on`, `updated_on`) VALUES ('1', 'sample-user-1', 'admin', 'example1@sample.com', 'sampleuser1', 'Sample User 1', 'sample1', NULL, NULL, NULL, NULL, NULL, 1, 1, NULL, unix_timestamp(now()), unix_timestamp(now()));
INSERT INTO `user` (`uuid`, `slug`, `type`, `email`, `username`, `screen_name`, `password`, `password_old`, `secret`, `hint`, `salt`, `signature`, `important`, `verified`, `visited_on`, `created_on`, `updated_on`) VALUES ('2', 'sample-user-2', 'admin', 'example2@sample.com', 'sampleuser2', 'Sample User 2', 'sample2', NULL, NULL, NULL, NULL, NULL, 1, 1, NULL, unix_timestamp(now()), unix_timestamp(now()));

COMMIT;


-- -----------------------------------------------------
-- Data for table `resource`
-- -----------------------------------------------------
START TRANSACTION;
INSERT INTO `resource` (`uuid`, `user_uuid`, `type`, `source`, `ext`, `mime_type`, `created_on`, `updated_on`) VALUES ('1', '1', 'image', 'sample-image-1', 'jpg', 'image/jpeg', unix_timestamp(now()), unix_timestamp(now()));
INSERT INTO `resource` (`uuid`, `user_uuid`, `type`, `source`, `ext`, `mime_type`, `created_on`, `updated_on`) VALUES ('2', '1', 'image', 'sample-image-2', 'jpg', 'image/jpeg', unix_timestamp(now()), unix_timestamp(now()));
INSERT INTO `resource` (`uuid`, `user_uuid`, `type`, `source`, `ext`, `mime_type`, `created_on`, `updated_on`) VALUES ('3', '1', 'image', 'sample-image-3', 'jpg', 'image/jpeg', unix_timestamp(now()), unix_timestamp(now()));

COMMIT;


-- -----------------------------------------------------
-- Data for table `nav`
-- -----------------------------------------------------
START TRANSACTION;
INSERT INTO `nav` (`uuid`, `slug`, `type`, `title`, `href`, `sort`, `hide`, `important`, `created_on`, `updated_on`) VALUES ('1', 'home', 'unassigned', 'Home', NULL, 1, DEFAULT, DEFAULT, unix_timestamp(now()), unix_timestamp(now()));
INSERT INTO `nav` (`uuid`, `slug`, `type`, `title`, `href`, `sort`, `hide`, `important`, `created_on`, `updated_on`) VALUES ('2', 'about', 'unassigned', 'About', NULL, 2, DEFAULT, DEFAULT, unix_timestamp(now()), unix_timestamp(now()));
INSERT INTO `nav` (`uuid`, `slug`, `type`, `title`, `href`, `sort`, `hide`, `important`, `created_on`, `updated_on`) VALUES ('3', 'blog', 'unassigned', 'Blog', NULL, 3, DEFAULT, DEFAULT, unix_timestamp(now()), unix_timestamp(now()));
INSERT INTO `nav` (`uuid`, `slug`, `type`, `title`, `href`, `sort`, `hide`, `important`, `created_on`, `updated_on`) VALUES ('4', 'projects', 'unassigned', 'Projects', NULL, 4, DEFAULT, DEFAULT, unix_timestamp(now()), unix_timestamp(now()));
INSERT INTO `nav` (`uuid`, `slug`, `type`, `title`, `href`, `sort`, `hide`, `important`, `created_on`, `updated_on`) VALUES ('5', 'contact', 'unassigned', 'Contact', NULL, 5, DEFAULT, DEFAULT, unix_timestamp(now()), unix_timestamp(now()));

COMMIT;


-- -----------------------------------------------------
-- Data for table `article`
-- -----------------------------------------------------
START TRANSACTION;
INSERT INTO `article` (`uuid`, `slug`, `type`, `title`, `subtitle`, `description`, `abstract`, `excerpt`, `introduction`, `content`, `password`, `sort`, `hide`, `featured`, `important`, `trashed`, `created_by`, `updated_by`, `date_from`, `date_to`, `backdated_on`, `created_on`, `updated_on`) VALUES ('1', 'home', 'page', 'Home', NULL, 'Home Description Lorem ipsum dolor sit amet, consectetur adipiscing elit, sed do eiusmod tempor incididunt ut labore et dolore magna aliqua. Ut enim ad minim veniam, quis nostrud exercitation ullamco laboris nisi ut aliquip ex ea commodo consequat. Duis aute irure dolor in reprehenderit in voluptate velit esse cillum dolore eu fugiat nulla pariatur. Excepteur sint occaecat cupidatat non proident, sunt in culpa qui officia deserunt mollit anim id est laborum.', NULL, NULL, NULL, '<p>Home Lorem ipsum dolor sit amet, consectetur adipiscing elit, sed do eiusmod tempor incididunt ut labore et dolore magna aliqua. Ut enim ad minim veniam, quis nostrud exercitation ullamco laboris nisi ut aliquip ex ea commodo consequat. Duis aute irure dolor in reprehenderit in voluptate velit esse cillum dolore eu fugiat nulla pariatur. Excepteur sint occaecat cupidatat non proident, sunt in culpa qui officia deserunt mollit anim id est laborum.</p>\n<p>Sed ut perspiciatis unde omnis iste natus error sit voluptatem accusantium doloremque laudantium, totam rem aperiam, eaque ipsa quae ab illo inventore veritatis et quasi architecto beatae vitae dicta sunt explicabo. Nemo enim ipsam voluptatem quia voluptas sit aspernatur aut odit aut fugit, sed quia consequuntur magni dolores eos qui ratione voluptatem sequi nesciunt. Neque porro quisquam est, qui dolorem ipsum quia dolor sit amet, consectetur, adipisci velit, sed quia non numquam eius modi tempora incidunt ut labore et dolore magnam aliquam quaerat voluptatem. Ut enim ad minima veniam, quis nostrum exercitationem ullam corporis suscipit laboriosam, nisi ut aliquid ex ea commodi consequatur? Quis autem vel eum iure reprehenderit qui in ea voluptate velit esse quam nihil molestiae consequatur, vel illum qui dolorem eum fugiat quo voluptas nulla pariatur?</p>\n<p>At vero eos et accusamus et iusto odio dignissimos ducimus qui blanditiis praesentium voluptatum deleniti atque corrupti quos dolores et quas molestias excepturi sint occaecati cupiditate non provident, similique sunt in culpa qui officia deserunt mollitia animi, id est laborum et dolorum fuga. Et harum quidem rerum facilis est et expedita distinctio. Nam libero tempore, cum soluta nobis est eligendi optio cumque nihil impedit quo minus id quod maxime placeat facere possimus, omnis voluptas assumenda est, omnis dolor repellendus. Temporibus autem quibusdam et aut officiis debitis aut rerum necessitatibus saepe eveniet ut et voluptates repudiandae sint et molestiae non recusandae. Itaque earum rerum hic tenetur a sapiente delectus, ut aut reiciendis voluptatibus maiores alias consequatur aut perferendis doloribus asperiores repellat.</p>', NULL, DEFAULT, DEFAULT, DEFAULT, DEFAULT, DEFAULT, 1, NULL, NULL, NULL, NULL, unix_timestamp(now()), unix_timestamp(now()));
INSERT INTO `article` (`uuid`, `slug`, `type`, `title`, `subtitle`, `description`, `abstract`, `excerpt`, `introduction`, `content`, `password`, `sort`, `hide`, `featured`, `important`, `trashed`, `created_by`, `updated_by`, `date_from`, `date_to`, `backdated_on`, `created_on`, `updated_on`) VALUES ('2', 'about', 'page', 'About', NULL, 'About Description Lorem ipsum dolor sit amet, consectetur adipiscing elit, sed do eiusmod tempor incididunt ut labore et dolore magna aliqua. Ut enim ad minim veniam, quis nostrud exercitation ullamco laboris nisi ut aliquip ex ea commodo consequat. Duis aute irure dolor in reprehenderit in voluptate velit esse cillum dolore eu fugiat nulla pariatur. Excepteur sint occaecat cupidatat non proident, sunt in culpa qui officia deserunt mollit anim id est laborum.', NULL, NULL, NULL, '<p>About Lorem ipsum dolor sit amet, consectetur adipiscing elit, sed do eiusmod tempor incididunt ut labore et dolore magna aliqua. Ut enim ad minim veniam, quis nostrud exercitation ullamco laboris nisi ut aliquip ex ea commodo consequat. Duis aute irure dolor in reprehenderit in voluptate velit esse cillum dolore eu fugiat nulla pariatur. Excepteur sint occaecat cupidatat non proident, sunt in culpa qui officia deserunt mollit anim id est laborum.</p>\n<p>Sed ut perspiciatis unde omnis iste natus error sit voluptatem accusantium doloremque laudantium, totam rem aperiam, eaque ipsa quae ab illo inventore veritatis et quasi architecto beatae vitae dicta sunt explicabo. Nemo enim ipsam voluptatem quia voluptas sit aspernatur aut odit aut fugit, sed quia consequuntur magni dolores eos qui ratione voluptatem sequi nesciunt. Neque porro quisquam est, qui dolorem ipsum quia dolor sit amet, consectetur, adipisci velit, sed quia non numquam eius modi tempora incidunt ut labore et dolore magnam aliquam quaerat voluptatem. Ut enim ad minima veniam, quis nostrum exercitationem ullam corporis suscipit laboriosam, nisi ut aliquid ex ea commodi consequatur? Quis autem vel eum iure reprehenderit qui in ea voluptate velit esse quam nihil molestiae consequatur, vel illum qui dolorem eum fugiat quo voluptas nulla pariatur?</p>\n<p>At vero eos et accusamus et iusto odio dignissimos ducimus qui blanditiis praesentium voluptatum deleniti atque corrupti quos dolores et quas molestias excepturi sint occaecati cupiditate non provident, similique sunt in culpa qui officia deserunt mollitia animi, id est laborum et dolorum fuga. Et harum quidem rerum facilis est et expedita distinctio. Nam libero tempore, cum soluta nobis est eligendi optio cumque nihil impedit quo minus id quod maxime placeat facere possimus, omnis voluptas assumenda est, omnis dolor repellendus. Temporibus autem quibusdam et aut officiis debitis aut rerum necessitatibus saepe eveniet ut et voluptates repudiandae sint et molestiae non recusandae. Itaque earum rerum hic tenetur a sapiente delectus, ut aut reiciendis voluptatibus maiores alias consequatur aut perferendis doloribus asperiores repellat.</p>', NULL, DEFAULT, DEFAULT, DEFAULT, DEFAULT, DEFAULT, 1, NULL, NULL, NULL, NULL, unix_timestamp(now()), unix_timestamp(now()));
INSERT INTO `article` (`uuid`, `slug`, `type`, `title`, `subtitle`, `description`, `abstract`, `excerpt`, `introduction`, `content`, `password`, `sort`, `hide`, `featured`, `important`, `trashed`, `created_by`, `updated_by`, `date_from`, `date_to`, `backdated_on`, `created_on`, `updated_on`) VALUES ('3', 'blog', 'page', 'Blog', NULL, 'Blog Description Lorem ipsum dolor sit amet, consectetur adipiscing elit, sed do eiusmod tempor incididunt ut labore et dolore magna aliqua. Ut enim ad minim veniam, quis nostrud exercitation ullamco laboris nisi ut aliquip ex ea commodo consequat. Duis aute irure dolor in reprehenderit in voluptate velit esse cillum dolore eu fugiat nulla pariatur. Excepteur sint occaecat cupidatat non proident, sunt in culpa qui officia deserunt mollit anim id est laborum.', NULL, NULL, NULL, '<p>Blog Lorem ipsum dolor sit amet, consectetur adipiscing elit, sed do eiusmod tempor incididunt ut labore et dolore magna aliqua. Ut enim ad minim veniam, quis nostrud exercitation ullamco laboris nisi ut aliquip ex ea commodo consequat. Duis aute irure dolor in reprehenderit in voluptate velit esse cillum dolore eu fugiat nulla pariatur. Excepteur sint occaecat cupidatat non proident, sunt in culpa qui officia deserunt mollit anim id est laborum.</p>\n<p>Sed ut perspiciatis unde omnis iste natus error sit voluptatem accusantium doloremque laudantium, totam rem aperiam, eaque ipsa quae ab illo inventore veritatis et quasi architecto beatae vitae dicta sunt explicabo. Nemo enim ipsam voluptatem quia voluptas sit aspernatur aut odit aut fugit, sed quia consequuntur magni dolores eos qui ratione voluptatem sequi nesciunt. Neque porro quisquam est, qui dolorem ipsum quia dolor sit amet, consectetur, adipisci velit, sed quia non numquam eius modi tempora incidunt ut labore et dolore magnam aliquam quaerat voluptatem. Ut enim ad minima veniam, quis nostrum exercitationem ullam corporis suscipit laboriosam, nisi ut aliquid ex ea commodi consequatur? Quis autem vel eum iure reprehenderit qui in ea voluptate velit esse quam nihil molestiae consequatur, vel illum qui dolorem eum fugiat quo voluptas nulla pariatur?</p>\n<p>At vero eos et accusamus et iusto odio dignissimos ducimus qui blanditiis praesentium voluptatum deleniti atque corrupti quos dolores et quas molestias excepturi sint occaecati cupiditate non provident, similique sunt in culpa qui officia deserunt mollitia animi, id est laborum et dolorum fuga. Et harum quidem rerum facilis est et expedita distinctio. Nam libero tempore, cum soluta nobis est eligendi optio cumque nihil impedit quo minus id quod maxime placeat facere possimus, omnis voluptas assumenda est, omnis dolor repellendus. Temporibus autem quibusdam et aut officiis debitis aut rerum necessitatibus saepe eveniet ut et voluptates repudiandae sint et molestiae non recusandae. Itaque earum rerum hic tenetur a sapiente delectus, ut aut reiciendis voluptatibus maiores alias consequatur aut perferendis doloribus asperiores repellat.</p>', NULL, DEFAULT, DEFAULT, DEFAULT, DEFAULT, DEFAULT, 1, NULL, NULL, NULL, NULL, unix_timestamp(now()), unix_timestamp(now()));
INSERT INTO `article` (`uuid`, `slug`, `type`, `title`, `subtitle`, `description`, `abstract`, `excerpt`, `introduction`, `content`, `password`, `sort`, `hide`, `featured`, `important`, `trashed`, `created_by`, `updated_by`, `date_from`, `date_to`, `backdated_on`, `created_on`, `updated_on`) VALUES ('4', 'projects', 'page', 'Projects', NULL, 'Projects Description Lorem ipsum dolor sit amet, consectetur adipiscing elit, sed do eiusmod tempor incididunt ut labore et dolore magna aliqua. Ut enim ad minim veniam, quis nostrud exercitation ullamco laboris nisi ut aliquip ex ea commodo consequat. Duis aute irure dolor in reprehenderit in voluptate velit esse cillum dolore eu fugiat nulla pariatur. Excepteur sint occaecat cupidatat non proident, sunt in culpa qui officia deserunt mollit anim id est laborum.', NULL, NULL, NULL, '<p>Projects Lorem ipsum dolor sit amet, consectetur adipiscing elit, sed do eiusmod tempor incididunt ut labore et dolore magna aliqua. Ut enim ad minim veniam, quis nostrud exercitation ullamco laboris nisi ut aliquip ex ea commodo consequat. Duis aute irure dolor in reprehenderit in voluptate velit esse cillum dolore eu fugiat nulla pariatur. Excepteur sint occaecat cupidatat non proident, sunt in culpa qui officia deserunt mollit anim id est laborum.</p>\n<p>Sed ut perspiciatis unde omnis iste natus error sit voluptatem accusantium doloremque laudantium, totam rem aperiam, eaque ipsa quae ab illo inventore veritatis et quasi architecto beatae vitae dicta sunt explicabo. Nemo enim ipsam voluptatem quia voluptas sit aspernatur aut odit aut fugit, sed quia consequuntur magni dolores eos qui ratione voluptatem sequi nesciunt. Neque porro quisquam est, qui dolorem ipsum quia dolor sit amet, consectetur, adipisci velit, sed quia non numquam eius modi tempora incidunt ut labore et dolore magnam aliquam quaerat voluptatem. Ut enim ad minima veniam, quis nostrum exercitationem ullam corporis suscipit laboriosam, nisi ut aliquid ex ea commodi consequatur? Quis autem vel eum iure reprehenderit qui in ea voluptate velit esse quam nihil molestiae consequatur, vel illum qui dolorem eum fugiat quo voluptas nulla pariatur?</p>\n<p>At vero eos et accusamus et iusto odio dignissimos ducimus qui blanditiis praesentium voluptatum deleniti atque corrupti quos dolores et quas molestias excepturi sint occaecati cupiditate non provident, similique sunt in culpa qui officia deserunt mollitia animi, id est laborum et dolorum fuga. Et harum quidem rerum facilis est et expedita distinctio. Nam libero tempore, cum soluta nobis est eligendi optio cumque nihil impedit quo minus id quod maxime placeat facere possimus, omnis voluptas assumenda est, omnis dolor repellendus. Temporibus autem quibusdam et aut officiis debitis aut rerum necessitatibus saepe eveniet ut et voluptates repudiandae sint et molestiae non recusandae. Itaque earum rerum hic tenetur a sapiente delectus, ut aut reiciendis voluptatibus maiores alias consequatur aut perferendis doloribus asperiores repellat.</p>', NULL, DEFAULT, DEFAULT, DEFAULT, DEFAULT, DEFAULT, 1, NULL, NULL, NULL, NULL, unix_timestamp(now()), unix_timestamp(now()));
INSERT INTO `article` (`uuid`, `slug`, `type`, `title`, `subtitle`, `description`, `abstract`, `excerpt`, `introduction`, `content`, `password`, `sort`, `hide`, `featured`, `important`, `trashed`, `created_by`, `updated_by`, `date_from`, `date_to`, `backdated_on`, `created_on`, `updated_on`) VALUES ('5', 'contact', 'page', 'Contact', NULL, 'Contact Description Lorem ipsum dolor sit amet, consectetur adipiscing elit, sed do eiusmod tempor incididunt ut labore et dolore magna aliqua. Ut enim ad minim veniam, quis nostrud exercitation ullamco laboris nisi ut aliquip ex ea commodo consequat. Duis aute irure dolor in reprehenderit in voluptate velit esse cillum dolore eu fugiat nulla pariatur. Excepteur sint occaecat cupidatat non proident, sunt in culpa qui officia deserunt mollit anim id est laborum.', NULL, NULL, NULL, '<p>Contact Lorem ipsum dolor sit amet, consectetur adipiscing elit, sed do eiusmod tempor incididunt ut labore et dolore magna aliqua. Ut enim ad minim veniam, quis nostrud exercitation ullamco laboris nisi ut aliquip ex ea commodo consequat. Duis aute irure dolor in reprehenderit in voluptate velit esse cillum dolore eu fugiat nulla pariatur. Excepteur sint occaecat cupidatat non proident, sunt in culpa qui officia deserunt mollit anim id est laborum.</p>\n<p>Sed ut perspiciatis unde omnis iste natus error sit voluptatem accusantium doloremque laudantium, totam rem aperiam, eaque ipsa quae ab illo inventore veritatis et quasi architecto beatae vitae dicta sunt explicabo. Nemo enim ipsam voluptatem quia voluptas sit aspernatur aut odit aut fugit, sed quia consequuntur magni dolores eos qui ratione voluptatem sequi nesciunt. Neque porro quisquam est, qui dolorem ipsum quia dolor sit amet, consectetur, adipisci velit, sed quia non numquam eius modi tempora incidunt ut labore et dolore magnam aliquam quaerat voluptatem. Ut enim ad minima veniam, quis nostrum exercitationem ullam corporis suscipit laboriosam, nisi ut aliquid ex ea commodi consequatur? Quis autem vel eum iure reprehenderit qui in ea voluptate velit esse quam nihil molestiae consequatur, vel illum qui dolorem eum fugiat quo voluptas nulla pariatur?</p>\n<p>At vero eos et accusamus et iusto odio dignissimos ducimus qui blanditiis praesentium voluptatum deleniti atque corrupti quos dolores et quas molestias excepturi sint occaecati cupiditate non provident, similique sunt in culpa qui officia deserunt mollitia animi, id est laborum et dolorum fuga. Et harum quidem rerum facilis est et expedita distinctio. Nam libero tempore, cum soluta nobis est eligendi optio cumque nihil impedit quo minus id quod maxime placeat facere possimus, omnis voluptas assumenda est, omnis dolor repellendus. Temporibus autem quibusdam et aut officiis debitis aut rerum necessitatibus saepe eveniet ut et voluptates repudiandae sint et molestiae non recusandae. Itaque earum rerum hic tenetur a sapiente delectus, ut aut reiciendis voluptatibus maiores alias consequatur aut perferendis doloribus asperiores repellat.</p>', NULL, DEFAULT, DEFAULT, DEFAULT, DEFAULT, DEFAULT, 1, NULL, NULL, NULL, NULL, unix_timestamp(now()), unix_timestamp(now()));
INSERT INTO `article` (`uuid`, `slug`, `type`, `title`, `subtitle`, `description`, `abstract`, `excerpt`, `introduction`, `content`, `password`, `sort`, `hide`, `featured`, `important`, `trashed`, `created_by`, `updated_by`, `date_from`, `date_to`, `backdated_on`, `created_on`, `updated_on`) VALUES ('6', 'sample-blog-1', 'blog', 'Sample Blog 1', NULL, 'Sample Blog 1 Description Lorem ipsum dolor sit amet, consectetur adipiscing elit, sed do eiusmod tempor incididunt ut labore et dolore magna aliqua. Ut enim ad minim veniam, quis nostrud exercitation ullamco laboris nisi ut aliquip ex ea commodo consequat. Duis aute irure dolor in reprehenderit in voluptate velit esse cillum dolore eu fugiat nulla pariatur. Excepteur sint occaecat cupidatat non proident, sunt in culpa qui officia deserunt mollit anim id est laborum.', NULL, NULL, NULL, '<p>Sample Blog 1 Lorem ipsum dolor sit amet, consectetur adipiscing elit, sed do eiusmod tempor incididunt ut labore et dolore magna aliqua. Ut enim ad minim veniam, quis nostrud exercitation ullamco laboris nisi ut aliquip ex ea commodo consequat. Duis aute irure dolor in reprehenderit in voluptate velit esse cillum dolore eu fugiat nulla pariatur. Excepteur sint occaecat cupidatat non proident, sunt in culpa qui officia deserunt mollit anim id est laborum.</p>\n<p>Sed ut perspiciatis unde omnis iste natus error sit voluptatem accusantium doloremque laudantium, totam rem aperiam, eaque ipsa quae ab illo inventore veritatis et quasi architecto beatae vitae dicta sunt explicabo. Nemo enim ipsam voluptatem quia voluptas sit aspernatur aut odit aut fugit, sed quia consequuntur magni dolores eos qui ratione voluptatem sequi nesciunt. Neque porro quisquam est, qui dolorem ipsum quia dolor sit amet, consectetur, adipisci velit, sed quia non numquam eius modi tempora incidunt ut labore et dolore magnam aliquam quaerat voluptatem. Ut enim ad minima veniam, quis nostrum exercitationem ullam corporis suscipit laboriosam, nisi ut aliquid ex ea commodi consequatur? Quis autem vel eum iure reprehenderit qui in ea voluptate velit esse quam nihil molestiae consequatur, vel illum qui dolorem eum fugiat quo voluptas nulla pariatur?</p>\n<p>At vero eos et accusamus et iusto odio dignissimos ducimus qui blanditiis praesentium voluptatum deleniti atque corrupti quos dolores et quas molestias excepturi sint occaecati cupiditate non provident, similique sunt in culpa qui officia deserunt mollitia animi, id est laborum et dolorum fuga. Et harum quidem rerum facilis est et expedita distinctio. Nam libero tempore, cum soluta nobis est eligendi optio cumque nihil impedit quo minus id quod maxime placeat facere possimus, omnis voluptas assumenda est, omnis dolor repellendus. Temporibus autem quibusdam et aut officiis debitis aut rerum necessitatibus saepe eveniet ut et voluptates repudiandae sint et molestiae non recusandae. Itaque earum rerum hic tenetur a sapiente delectus, ut aut reiciendis voluptatibus maiores alias consequatur aut perferendis doloribus asperiores repellat.</p>', NULL, DEFAULT, DEFAULT, DEFAULT, DEFAULT, DEFAULT, 1, NULL, NULL, NULL, NULL, unix_timestamp(now()), unix_timestamp(now()));
INSERT INTO `article` (`uuid`, `slug`, `type`, `title`, `subtitle`, `description`, `abstract`, `excerpt`, `introduction`, `content`, `password`, `sort`, `hide`, `featured`, `important`, `trashed`, `created_by`, `updated_by`, `date_from`, `date_to`, `backdated_on`, `created_on`, `updated_on`) VALUES ('7', 'sample-blog-2', 'blog', 'Sample Blog 2', NULL, 'Sample Blog 2 Description Lorem ipsum dolor sit amet, consectetur adipiscing elit, sed do eiusmod tempor incididunt ut labore et dolore magna aliqua. Ut enim ad minim veniam, quis nostrud exercitation ullamco laboris nisi ut aliquip ex ea commodo consequat. Duis aute irure dolor in reprehenderit in voluptate velit esse cillum dolore eu fugiat nulla pariatur. Excepteur sint occaecat cupidatat non proident, sunt in culpa qui officia deserunt mollit anim id est laborum.', NULL, NULL, NULL, '<p>Sample Blog 2 Lorem ipsum dolor sit amet, consectetur adipiscing elit, sed do eiusmod tempor incididunt ut labore et dolore magna aliqua. Ut enim ad minim veniam, quis nostrud exercitation ullamco laboris nisi ut aliquip ex ea commodo consequat. Duis aute irure dolor in reprehenderit in voluptate velit esse cillum dolore eu fugiat nulla pariatur. Excepteur sint occaecat cupidatat non proident, sunt in culpa qui officia deserunt mollit anim id est laborum.</p>\n<p>Sed ut perspiciatis unde omnis iste natus error sit voluptatem accusantium doloremque laudantium, totam rem aperiam, eaque ipsa quae ab illo inventore veritatis et quasi architecto beatae vitae dicta sunt explicabo. Nemo enim ipsam voluptatem quia voluptas sit aspernatur aut odit aut fugit, sed quia consequuntur magni dolores eos qui ratione voluptatem sequi nesciunt. Neque porro quisquam est, qui dolorem ipsum quia dolor sit amet, consectetur, adipisci velit, sed quia non numquam eius modi tempora incidunt ut labore et dolore magnam aliquam quaerat voluptatem. Ut enim ad minima veniam, quis nostrum exercitationem ullam corporis suscipit laboriosam, nisi ut aliquid ex ea commodi consequatur? Quis autem vel eum iure reprehenderit qui in ea voluptate velit esse quam nihil molestiae consequatur, vel illum qui dolorem eum fugiat quo voluptas nulla pariatur?</p>\n<p>At vero eos et accusamus et iusto odio dignissimos ducimus qui blanditiis praesentium voluptatum deleniti atque corrupti quos dolores et quas molestias excepturi sint occaecati cupiditate non provident, similique sunt in culpa qui officia deserunt mollitia animi, id est laborum et dolorum fuga. Et harum quidem rerum facilis est et expedita distinctio. Nam libero tempore, cum soluta nobis est eligendi optio cumque nihil impedit quo minus id quod maxime placeat facere possimus, omnis voluptas assumenda est, omnis dolor repellendus. Temporibus autem quibusdam et aut officiis debitis aut rerum necessitatibus saepe eveniet ut et voluptates repudiandae sint et molestiae non recusandae. Itaque earum rerum hic tenetur a sapiente delectus, ut aut reiciendis voluptatibus maiores alias consequatur aut perferendis doloribus asperiores repellat.</p>', NULL, DEFAULT, DEFAULT, DEFAULT, DEFAULT, DEFAULT, 1, NULL, NULL, NULL, NULL, unix_timestamp(now()), unix_timestamp(now()));
INSERT INTO `article` (`uuid`, `slug`, `type`, `title`, `subtitle`, `description`, `abstract`, `excerpt`, `introduction`, `content`, `password`, `sort`, `hide`, `featured`, `important`, `trashed`, `created_by`, `updated_by`, `date_from`, `date_to`, `backdated_on`, `created_on`, `updated_on`) VALUES ('8', 'sample-blog-3', 'blog', 'Sample Blog 3', NULL, 'Sample Blog 3 Description Lorem ipsum dolor sit amet, consectetur adipiscing elit, sed do eiusmod tempor incididunt ut labore et dolore magna aliqua. Ut enim ad minim veniam, quis nostrud exercitation ullamco laboris nisi ut aliquip ex ea commodo consequat. Duis aute irure dolor in reprehenderit in voluptate velit esse cillum dolore eu fugiat nulla pariatur. Excepteur sint occaecat cupidatat non proident, sunt in culpa qui officia deserunt mollit anim id est laborum.', NULL, NULL, NULL, '<p>Sample Blog 3 Lorem ipsum dolor sit amet, consectetur adipiscing elit, sed do eiusmod tempor incididunt ut labore et dolore magna aliqua. Ut enim ad minim veniam, quis nostrud exercitation ullamco laboris nisi ut aliquip ex ea commodo consequat. Duis aute irure dolor in reprehenderit in voluptate velit esse cillum dolore eu fugiat nulla pariatur. Excepteur sint occaecat cupidatat non proident, sunt in culpa qui officia deserunt mollit anim id est laborum.</p>\n<p>Sed ut perspiciatis unde omnis iste natus error sit voluptatem accusantium doloremque laudantium, totam rem aperiam, eaque ipsa quae ab illo inventore veritatis et quasi architecto beatae vitae dicta sunt explicabo. Nemo enim ipsam voluptatem quia voluptas sit aspernatur aut odit aut fugit, sed quia consequuntur magni dolores eos qui ratione voluptatem sequi nesciunt. Neque porro quisquam est, qui dolorem ipsum quia dolor sit amet, consectetur, adipisci velit, sed quia non numquam eius modi tempora incidunt ut labore et dolore magnam aliquam quaerat voluptatem. Ut enim ad minima veniam, quis nostrum exercitationem ullam corporis suscipit laboriosam, nisi ut aliquid ex ea commodi consequatur? Quis autem vel eum iure reprehenderit qui in ea voluptate velit esse quam nihil molestiae consequatur, vel illum qui dolorem eum fugiat quo voluptas nulla pariatur?</p>\n<p>At vero eos et accusamus et iusto odio dignissimos ducimus qui blanditiis praesentium voluptatum deleniti atque corrupti quos dolores et quas molestias excepturi sint occaecati cupiditate non provident, similique sunt in culpa qui officia deserunt mollitia animi, id est laborum et dolorum fuga. Et harum quidem rerum facilis est et expedita distinctio. Nam libero tempore, cum soluta nobis est eligendi optio cumque nihil impedit quo minus id quod maxime placeat facere possimus, omnis voluptas assumenda est, omnis dolor repellendus. Temporibus autem quibusdam et aut officiis debitis aut rerum necessitatibus saepe eveniet ut et voluptates repudiandae sint et molestiae non recusandae. Itaque earum rerum hic tenetur a sapiente delectus, ut aut reiciendis voluptatibus maiores alias consequatur aut perferendis doloribus asperiores repellat.</p>', NULL, DEFAULT, DEFAULT, DEFAULT, DEFAULT, DEFAULT, 1, NULL, NULL, NULL, NULL, unix_timestamp(now()), unix_timestamp(now()));
INSERT INTO `article` (`uuid`, `slug`, `type`, `title`, `subtitle`, `description`, `abstract`, `excerpt`, `introduction`, `content`, `password`, `sort`, `hide`, `featured`, `important`, `trashed`, `created_by`, `updated_by`, `date_from`, `date_to`, `backdated_on`, `created_on`, `updated_on`) VALUES ('9', 'sample-project-1', 'project', 'Sample Project 1', NULL, 'Sample Project 1 Description Lorem ipsum dolor sit amet, consectetur adipiscing elit, sed do eiusmod tempor incididunt ut labore et dolore magna aliqua. Ut enim ad minim veniam, quis nostrud exercitation ullamco laboris nisi ut aliquip ex ea commodo consequat. Duis aute irure dolor in reprehenderit in voluptate velit esse cillum dolore eu fugiat nulla pariatur. Excepteur sint occaecat cupidatat non proident, sunt in culpa qui officia deserunt mollit anim id est laborum.', NULL, NULL, NULL, '<p>Sample Project 1 Lorem ipsum dolor sit amet, consectetur adipiscing elit, sed do eiusmod tempor incididunt ut labore et dolore magna aliqua. Ut enim ad minim veniam, quis nostrud exercitation ullamco laboris nisi ut aliquip ex ea commodo consequat. Duis aute irure dolor in reprehenderit in voluptate velit esse cillum dolore eu fugiat nulla pariatur. Excepteur sint occaecat cupidatat non proident, sunt in culpa qui officia deserunt mollit anim id est laborum.</p>\n<p>Sed ut perspiciatis unde omnis iste natus error sit voluptatem accusantium doloremque laudantium, totam rem aperiam, eaque ipsa quae ab illo inventore veritatis et quasi architecto beatae vitae dicta sunt explicabo. Nemo enim ipsam voluptatem quia voluptas sit aspernatur aut odit aut fugit, sed quia consequuntur magni dolores eos qui ratione voluptatem sequi nesciunt. Neque porro quisquam est, qui dolorem ipsum quia dolor sit amet, consectetur, adipisci velit, sed quia non numquam eius modi tempora incidunt ut labore et dolore magnam aliquam quaerat voluptatem. Ut enim ad minima veniam, quis nostrum exercitationem ullam corporis suscipit laboriosam, nisi ut aliquid ex ea commodi consequatur? Quis autem vel eum iure reprehenderit qui in ea voluptate velit esse quam nihil molestiae consequatur, vel illum qui dolorem eum fugiat quo voluptas nulla pariatur?</p>\n<p>At vero eos et accusamus et iusto odio dignissimos ducimus qui blanditiis praesentium voluptatum deleniti atque corrupti quos dolores et quas molestias excepturi sint occaecati cupiditate non provident, similique sunt in culpa qui officia deserunt mollitia animi, id est laborum et dolorum fuga. Et harum quidem rerum facilis est et expedita distinctio. Nam libero tempore, cum soluta nobis est eligendi optio cumque nihil impedit quo minus id quod maxime placeat facere possimus, omnis voluptas assumenda est, omnis dolor repellendus. Temporibus autem quibusdam et aut officiis debitis aut rerum necessitatibus saepe eveniet ut et voluptates repudiandae sint et molestiae non recusandae. Itaque earum rerum hic tenetur a sapiente delectus, ut aut reiciendis voluptatibus maiores alias consequatur aut perferendis doloribus asperiores repellat.</p>', NULL, DEFAULT, DEFAULT, DEFAULT, DEFAULT, DEFAULT, 1, NULL, NULL, NULL, NULL, unix_timestamp(now()), unix_timestamp(now()));
INSERT INTO `article` (`uuid`, `slug`, `type`, `title`, `subtitle`, `description`, `abstract`, `excerpt`, `introduction`, `content`, `password`, `sort`, `hide`, `featured`, `important`, `trashed`, `created_by`, `updated_by`, `date_from`, `date_to`, `backdated_on`, `created_on`, `updated_on`) VALUES ('10', 'sample-project-2', 'project', 'Sample Project 2', NULL, 'Sample Project 2 Description Lorem ipsum dolor sit amet, consectetur adipiscing elit, sed do eiusmod tempor incididunt ut labore et dolore magna aliqua. Ut enim ad minim veniam, quis nostrud exercitation ullamco laboris nisi ut aliquip ex ea commodo consequat. Duis aute irure dolor in reprehenderit in voluptate velit esse cillum dolore eu fugiat nulla pariatur. Excepteur sint occaecat cupidatat non proident, sunt in culpa qui officia deserunt mollit anim id est laborum.', NULL, NULL, NULL, '<p>Sample Project 2 Lorem ipsum dolor sit amet, consectetur adipiscing elit, sed do eiusmod tempor incididunt ut labore et dolore magna aliqua. Ut enim ad minim veniam, quis nostrud exercitation ullamco laboris nisi ut aliquip ex ea commodo consequat. Duis aute irure dolor in reprehenderit in voluptate velit esse cillum dolore eu fugiat nulla pariatur. Excepteur sint occaecat cupidatat non proident, sunt in culpa qui officia deserunt mollit anim id est laborum.</p>\n<p>Sed ut perspiciatis unde omnis iste natus error sit voluptatem accusantium doloremque laudantium, totam rem aperiam, eaque ipsa quae ab illo inventore veritatis et quasi architecto beatae vitae dicta sunt explicabo. Nemo enim ipsam voluptatem quia voluptas sit aspernatur aut odit aut fugit, sed quia consequuntur magni dolores eos qui ratione voluptatem sequi nesciunt. Neque porro quisquam est, qui dolorem ipsum quia dolor sit amet, consectetur, adipisci velit, sed quia non numquam eius modi tempora incidunt ut labore et dolore magnam aliquam quaerat voluptatem. Ut enim ad minima veniam, quis nostrum exercitationem ullam corporis suscipit laboriosam, nisi ut aliquid ex ea commodi consequatur? Quis autem vel eum iure reprehenderit qui in ea voluptate velit esse quam nihil molestiae consequatur, vel illum qui dolorem eum fugiat quo voluptas nulla pariatur?</p>\n<p>At vero eos et accusamus et iusto odio dignissimos ducimus qui blanditiis praesentium voluptatum deleniti atque corrupti quos dolores et quas molestias excepturi sint occaecati cupiditate non provident, similique sunt in culpa qui officia deserunt mollitia animi, id est laborum et dolorum fuga. Et harum quidem rerum facilis est et expedita distinctio. Nam libero tempore, cum soluta nobis est eligendi optio cumque nihil impedit quo minus id quod maxime placeat facere possimus, omnis voluptas assumenda est, omnis dolor repellendus. Temporibus autem quibusdam et aut officiis debitis aut rerum necessitatibus saepe eveniet ut et voluptates repudiandae sint et molestiae non recusandae. Itaque earum rerum hic tenetur a sapiente delectus, ut aut reiciendis voluptatibus maiores alias consequatur aut perferendis doloribus asperiores repellat.</p>', NULL, DEFAULT, DEFAULT, DEFAULT, DEFAULT, DEFAULT, 1, NULL, NULL, NULL, NULL, unix_timestamp(now()), unix_timestamp(now()));
INSERT INTO `article` (`uuid`, `slug`, `type`, `title`, `subtitle`, `description`, `abstract`, `excerpt`, `introduction`, `content`, `password`, `sort`, `hide`, `featured`, `important`, `trashed`, `created_by`, `updated_by`, `date_from`, `date_to`, `backdated_on`, `created_on`, `updated_on`) VALUES ('11', 'sample-project-3', 'project', 'Sample Project 3', NULL, 'Sample Project 3 Description Lorem ipsum dolor sit amet, consectetur adipiscing elit, sed do eiusmod tempor incididunt ut labore et dolore magna aliqua. Ut enim ad minim veniam, quis nostrud exercitation ullamco laboris nisi ut aliquip ex ea commodo consequat. Duis aute irure dolor in reprehenderit in voluptate velit esse cillum dolore eu fugiat nulla pariatur. Excepteur sint occaecat cupidatat non proident, sunt in culpa qui officia deserunt mollit anim id est laborum.', NULL, NULL, NULL, '<p>Sample Project 3 Lorem ipsum dolor sit amet, consectetur adipiscing elit, sed do eiusmod tempor incididunt ut labore et dolore magna aliqua. Ut enim ad minim veniam, quis nostrud exercitation ullamco laboris nisi ut aliquip ex ea commodo consequat. Duis aute irure dolor in reprehenderit in voluptate velit esse cillum dolore eu fugiat nulla pariatur. Excepteur sint occaecat cupidatat non proident, sunt in culpa qui officia deserunt mollit anim id est laborum.</p>\n<p>Sed ut perspiciatis unde omnis iste natus error sit voluptatem accusantium doloremque laudantium, totam rem aperiam, eaque ipsa quae ab illo inventore veritatis et quasi architecto beatae vitae dicta sunt explicabo. Nemo enim ipsam voluptatem quia voluptas sit aspernatur aut odit aut fugit, sed quia consequuntur magni dolores eos qui ratione voluptatem sequi nesciunt. Neque porro quisquam est, qui dolorem ipsum quia dolor sit amet, consectetur, adipisci velit, sed quia non numquam eius modi tempora incidunt ut labore et dolore magnam aliquam quaerat voluptatem. Ut enim ad minima veniam, quis nostrum exercitationem ullam corporis suscipit laboriosam, nisi ut aliquid ex ea commodi consequatur? Quis autem vel eum iure reprehenderit qui in ea voluptate velit esse quam nihil molestiae consequatur, vel illum qui dolorem eum fugiat quo voluptas nulla pariatur?</p>\n<p>At vero eos et accusamus et iusto odio dignissimos ducimus qui blanditiis praesentium voluptatum deleniti atque corrupti quos dolores et quas molestias excepturi sint occaecati cupiditate non provident, similique sunt in culpa qui officia deserunt mollitia animi, id est laborum et dolorum fuga. Et harum quidem rerum facilis est et expedita distinctio. Nam libero tempore, cum soluta nobis est eligendi optio cumque nihil impedit quo minus id quod maxime placeat facere possimus, omnis voluptas assumenda est, omnis dolor repellendus. Temporibus autem quibusdam et aut officiis debitis aut rerum necessitatibus saepe eveniet ut et voluptates repudiandae sint et molestiae non recusandae. Itaque earum rerum hic tenetur a sapiente delectus, ut aut reiciendis voluptatibus maiores alias consequatur aut perferendis doloribus asperiores repellat.</p>', NULL, DEFAULT, DEFAULT, DEFAULT, DEFAULT, DEFAULT, 1, NULL, NULL, NULL, NULL, unix_timestamp(now()), unix_timestamp(now()));
INSERT INTO `article` (`uuid`, `slug`, `type`, `title`, `subtitle`, `description`, `abstract`, `excerpt`, `introduction`, `content`, `password`, `sort`, `hide`, `featured`, `important`, `trashed`, `created_by`, `updated_by`, `date_from`, `date_to`, `backdated_on`, `created_on`, `updated_on`) VALUES ('12', '404', 'page', '404 Not Found', NULL, NULL, NULL, NULL, NULL, '<p>404 Not Found Lorem ipsum dolor sit amet, consectetur adipiscing elit, sed do eiusmod tempor incididunt ut labore et dolore magna aliqua. Ut enim ad minim veniam, quis nostrud exercitation ullamco laboris nisi ut aliquip ex ea commodo consequat. Duis aute irure dolor in reprehenderit in voluptate velit esse cillum dolore eu fugiat nulla pariatur. Excepteur sint occaecat cupidatat non proident, sunt in culpa qui officia deserunt mollit anim id est laborum.</p>', NULL, DEFAULT, DEFAULT, DEFAULT, DEFAULT, DEFAULT, 1, NULL, NULL, NULL, NULL, unix_timestamp(now()), unix_timestamp(now()));

COMMIT;


-- -----------------------------------------------------
-- Data for table `tag`
-- -----------------------------------------------------
START TRANSACTION;
INSERT INTO `tag` (`uuid`, `slug`, `type`, `title`, `sort`, `hide`, `important`, `created_on`, `updated_on`) VALUES ('1', 'sample-tag-1', 'blog', 'Sample Tag 1', 1, 0, 0, unix_timestamp(now()), unix_timestamp(now()));
INSERT INTO `tag` (`uuid`, `slug`, `type`, `title`, `sort`, `hide`, `important`, `created_on`, `updated_on`) VALUES ('2', 'sample-tag-2', 'blog', 'Sample Tag 2', 2, 0, 0, unix_timestamp(now()), unix_timestamp(now()));
INSERT INTO `tag` (`uuid`, `slug`, `type`, `title`, `sort`, `hide`, `important`, `created_on`, `updated_on`) VALUES ('3', 'sample-tag-3', 'blog', 'Sample Tag 2', 3, 0, 0, unix_timestamp(now()), unix_timestamp(now()));
INSERT INTO `tag` (`uuid`, `slug`, `type`, `title`, `sort`, `hide`, `important`, `created_on`, `updated_on`) VALUES ('4', 'sample-tag-1', 'page', 'Sample Tag 1', 1, 0, 0, unix_timestamp(now()), unix_timestamp(now()));
INSERT INTO `tag` (`uuid`, `slug`, `type`, `title`, `sort`, `hide`, `important`, `created_on`, `updated_on`) VALUES ('5', 'sample-tag-2', 'page', 'Sample Tag 2', 2, 0, 0, unix_timestamp(now()), unix_timestamp(now()));
INSERT INTO `tag` (`uuid`, `slug`, `type`, `title`, `sort`, `hide`, `important`, `created_on`, `updated_on`) VALUES ('6', 'sample-tag-3', 'page', 'Sample Tag 3', 3, 0, 0, unix_timestamp(now()), unix_timestamp(now()));

COMMIT;


-- -----------------------------------------------------
-- Data for table `template`
-- -----------------------------------------------------
START TRANSACTION;
INSERT INTO `template` (`uuid`, `slug`, `title`, `filename`, `sort`, `hide`, `important`, `created_on`, `updated_on`) VALUES ('1', 'template-sample-1', 'Template Sample 1', 'template-sample-1.twig', 1, DEFAULT, DEFAULT, unix_timestamp(now()), unix_timestamp(now()));
INSERT INTO `template` (`uuid`, `slug`, `title`, `filename`, `sort`, `hide`, `important`, `created_on`, `updated_on`) VALUES ('2', 'template-sample-2', 'Template Sample 2', 'template-sample-2.twig', 2, DEFAULT, DEFAULT, unix_timestamp(now()), unix_timestamp(now()));
INSERT INTO `template` (`uuid`, `slug`, `title`, `filename`, `sort`, `hide`, `important`, `created_on`, `updated_on`) VALUES ('3', 'template-sample-3', 'Template Sample 3', 'template-sample-3.twig', 3, DEFAULT, DEFAULT, unix_timestamp(now()), unix_timestamp(now()));
INSERT INTO `template` (`uuid`, `slug`, `title`, `filename`, `sort`, `hide`, `important`, `created_on`, `updated_on`) VALUES ('4', 'template-sample-4', 'Template Sample 4', 'template-sample-4.twig', 4, DEFAULT, DEFAULT, unix_timestamp(now()), unix_timestamp(now()));
INSERT INTO `template` (`uuid`, `slug`, `title`, `filename`, `sort`, `hide`, `important`, `created_on`, `updated_on`) VALUES ('5', 'template-sample-5', 'Template Sample 5', 'template-sample-5.twig', 5, DEFAULT, DEFAULT, unix_timestamp(now()), unix_timestamp(now()));
INSERT INTO `template` (`uuid`, `slug`, `title`, `filename`, `sort`, `hide`, `important`, `created_on`, `updated_on`) VALUES ('6', 'template-sample-6', 'Template Sample 6', 'template-sample-6.twig', 6, DEFAULT, DEFAULT, unix_timestamp(now()), unix_timestamp(now()));

COMMIT;


-- -----------------------------------------------------
-- Data for table `person`
-- -----------------------------------------------------
START TRANSACTION;
INSERT INTO `person` (`uuid`, `passcode`, `social_title`, `full_name`, `first_name`, `last_name`, `introduction`, `biography`, `website`, `gender`, `date_of_birth`, `address`, `address_line_1`, `address_line_2`, `address_line_3`, `town`, `city`, `state`, `country`, `postcode`, `telephone`, `mobilephone`, `university`, `university_email`, `university_degree`, `university_graduation_year`, `job_title`, `organisation`, `organisation_website`, `organisation_address`, `created_on`, `updated_on`) VALUES ('1', 'sample-pass-1', 'Mr', 'Sample Full Name 1', 'Sample First Name 1', 'Sample Last Name 1', 'Sample Intro 1 Lorem ipsum dolor sit amet, consectetuer adipiscing elit. Aenean commodo ligula eget dolor.', 'Sample Bio 1 Lorem ipsum dolor sit amet, consectetuer adipiscing elit. Aenean commodo ligula eget dolor.', 'https://samplesite1.com', 'male', '01-01-2000', 'Sample Adress 1', 'Sample Address Line 1', 'Sample Address Line 2', 'Sample Address Line 3', 'Sample Town 1', 'Sample City 1', 'Sample State 1', 'Sample Country 1', 'Sample Postcode 1', '01111 111 111', '02222 222 222', 'Sample University 1', 'sample1@example.com', 'Sample Uni Degree 1', '2000', 'Sample Job 1', 'Sample Organisation 1', 'https://samplesite1.com', 'Sample Org. Address 1', unix_timestamp(now()), unix_timestamp(now()));
INSERT INTO `person` (`uuid`, `passcode`, `social_title`, `full_name`, `first_name`, `last_name`, `introduction`, `biography`, `website`, `gender`, `date_of_birth`, `address`, `address_line_1`, `address_line_2`, `address_line_3`, `town`, `city`, `state`, `country`, `postcode`, `telephone`, `mobilephone`, `university`, `university_email`, `university_degree`, `university_graduation_year`, `job_title`, `organisation`, `organisation_website`, `organisation_address`, `created_on`, `updated_on`) VALUES ('2', 'sample-pass-2', 'Ms', 'Sample Full Name 2', 'Sample First Name 2', 'Sample Last Name 2', 'Sample Intro 2 Lorem ipsum dolor sit amet, consectetuer adipiscing elit. Aenean commodo ligula eget dolor.', 'Sample Bio 2 Lorem ipsum dolor sit amet, consectetuer adipiscing elit. Aenean commodo ligula eget dolor.', 'https://samplesite2.com', 'female', '01-01-2001', 'Sample Adress 2', 'Sample Address Line 1', 'Sample Address Line 3', 'Sample Address Line 3', 'Sample Town 2', 'Sample City 2', 'Sample State 2', 'Sample Country 2', 'Sample Postcode 2', '02222 222 333', '02222 222 444', 'Sample University 2', 'sample2@example.com', 'Sample Uni Degree 2', '2001', 'Sample Job 2', 'Sample Organisation 2', 'https://samplesite2.com', 'Sample Org. Address 2', unix_timestamp(now()), unix_timestamp(now()));

COMMIT;


-- -----------------------------------------------------
-- Data for table `article_tag`
-- -----------------------------------------------------
START TRANSACTION;
INSERT INTO `article_tag` (`article_uuid`, `tag_uuid`) VALUES ('1', '4');
INSERT INTO `article_tag` (`article_uuid`, `tag_uuid`) VALUES ('1', '5');
INSERT INTO `article_tag` (`article_uuid`, `tag_uuid`) VALUES ('3', '1');
INSERT INTO `article_tag` (`article_uuid`, `tag_uuid`) VALUES ('4', '2');
INSERT INTO `article_tag` (`article_uuid`, `tag_uuid`) VALUES ('5', '2');
INSERT INTO `article_tag` (`article_uuid`, `tag_uuid`) VALUES ('5', '3');

COMMIT;


-- -----------------------------------------------------
-- Data for table `article_user`
-- -----------------------------------------------------
START TRANSACTION;
INSERT INTO `article_user` (`article_uuid`, `user_uuid`) VALUES ('1', '1');
INSERT INTO `article_user` (`article_uuid`, `user_uuid`) VALUES ('2', '1');
INSERT INTO `article_user` (`article_uuid`, `user_uuid`) VALUES ('3', '1');
INSERT INTO `article_user` (`article_uuid`, `user_uuid`) VALUES ('3', '2');
INSERT INTO `article_user` (`article_uuid`, `user_uuid`) VALUES ('4', '1');
INSERT INTO `article_user` (`article_uuid`, `user_uuid`) VALUES ('5', '2');

COMMIT;


-- -----------------------------------------------------
-- Data for table `article_resource`
-- -----------------------------------------------------
START TRANSACTION;
INSERT INTO `article_resource` (`uuid`, `article_uuid`, `resource_uuid`, `subtype`, `title`, `description`, `caption`, `href`, `sort`) VALUES ('1', '1', '1', 'carousal', 'Carousal Title 1', 'Carousal description 1', 'Carousal caption 1', 'http://google.com', 1);
INSERT INTO `article_resource` (`uuid`, `article_uuid`, `resource_uuid`, `subtype`, `title`, `description`, `caption`, `href`, `sort`) VALUES ('2', '1', '2', 'carousal', 'Carousal Title 2', 'Carousal description 2', 'Carousal caption 2', 'http://yahoo.com', 2);
INSERT INTO `article_resource` (`uuid`, `article_uuid`, `resource_uuid`, `subtype`, `title`, `description`, `caption`, `href`, `sort`) VALUES ('3', '1', '3', 'carousal', 'Carousal Title 3', 'Carousal description 3', 'Carousal caption 3', NULL, 3);
INSERT INTO `article_resource` (`uuid`, `article_uuid`, `resource_uuid`, `subtype`, `title`, `description`, `caption`, `href`, `sort`) VALUES ('4', '1', '1', 'photo_album', 'Photo Album Title 1', 'Photo album description 1', 'Photo album caption 1', NULL, 2);
INSERT INTO `article_resource` (`uuid`, `article_uuid`, `resource_uuid`, `subtype`, `title`, `description`, `caption`, `href`, `sort`) VALUES ('5', '1', '2', 'photo_album', 'Photo Album Title 2', 'Photo album description 2', 'Photo album caption 2', NULL, 1);
INSERT INTO `article_resource` (`uuid`, `article_uuid`, `resource_uuid`, `subtype`, `title`, `description`, `caption`, `href`, `sort`) VALUES ('6', '1', '3', 'unassigned', 'Unassigned Title', 'Unassigned description', 'Unassigned caption', NULL, 1);
INSERT INTO `article_resource` (`uuid`, `article_uuid`, `resource_uuid`, `subtype`, `title`, `description`, `caption`, `href`, `sort`) VALUES ('7', '1', '1', 'featured', 'Featured Title', 'Featured description', 'Featured caption', NULL, 1);

COMMIT;


-- -----------------------------------------------------
-- Data for table `article_category`
-- -----------------------------------------------------
START TRANSACTION;
INSERT INTO `article_category` (`article_uuid`, `category_uuid`) VALUES ('6', '1');
INSERT INTO `article_category` (`article_uuid`, `category_uuid`) VALUES ('6', '2');
INSERT INTO `article_category` (`article_uuid`, `category_uuid`) VALUES ('7', '3');
INSERT INTO `article_category` (`article_uuid`, `category_uuid`) VALUES ('8', '1');
INSERT INTO `article_category` (`article_uuid`, `category_uuid`) VALUES ('8', '3');
INSERT INTO `article_category` (`article_uuid`, `category_uuid`) VALUES ('9', '4');
INSERT INTO `article_category` (`article_uuid`, `category_uuid`) VALUES ('9', '5');
INSERT INTO `article_category` (`article_uuid`, `category_uuid`) VALUES ('10', '6');
INSERT INTO `article_category` (`article_uuid`, `category_uuid`) VALUES ('11', '6');

COMMIT;


-- -----------------------------------------------------
-- Data for table `meta`
-- -----------------------------------------------------
START TRANSACTION;
INSERT INTO `meta` (`uuid`, `normalised_uuid`, `type`, `subtype`, `value`, `created_on`, `updated_on`) VALUES ('1', '1', 'article', 'meta_title', 'Hello World!', unix_timestamp(now()), unix_timestamp(now()));
INSERT INTO `meta` (`uuid`, `normalised_uuid`, `type`, `subtype`, `value`, `created_on`, `updated_on`) VALUES ('2', '1', 'article', 'meta_description', 'Hello World...', unix_timestamp(now()), unix_timestamp(now()));
INSERT INTO `meta` (`uuid`, `normalised_uuid`, `type`, `subtype`, `value`, `created_on`, `updated_on`) VALUES ('3', '1', 'article', 'meta_keywords', 'hello, world', unix_timestamp(now()), unix_timestamp(now()));
INSERT INTO `meta` (`uuid`, `normalised_uuid`, `type`, `subtype`, `value`, `created_on`, `updated_on`) VALUES ('4', '1', 'article', 'content_1', '<p>Content 1 Sed ut perspiciatis unde omnis iste natus error sit voluptatem accusantium doloremque laudantium, totam rem aperiam, eaque ipsa quae ab illo inventore veritatis et quasi architecto beatae vitae dicta sunt explicabo. Nemo enim ipsam voluptatem quia voluptas sit aspernatur aut odit aut fugit, sed quia consequuntur magni dolores eos qui ratione voluptatem sequi nesciunt. Neque porro quisquam est, qui dolorem ipsum quia dolor sit amet, consectetur, adipisci velit, sed quia non numquam eius modi tempora incidunt ut labore et dolore magnam aliquam quaerat voluptatem. Ut enim ad minima veniam, quis nostrum exercitationem ullam corporis suscipit laboriosam, nisi ut aliquid ex ea commodi consequatur? Quis autem vel eum iure reprehenderit qui in ea voluptate velit esse quam nihil molestiae consequatur, vel illum qui dolorem eum fugiat quo voluptas nulla pariatur?</p>', unix_timestamp(now()), unix_timestamp(now()));
INSERT INTO `meta` (`uuid`, `normalised_uuid`, `type`, `subtype`, `value`, `created_on`, `updated_on`) VALUES ('5', '1', 'article', 'content_2', '<p>Content 2 At vero eos et accusamus et iusto odio dignissimos ducimus qui blanditiis praesentium voluptatum deleniti atque corrupti quos dolores et quas molestias excepturi sint occaecati cupiditate non provident, similique sunt in culpa qui officia deserunt mollitia animi, id est laborum et dolorum fuga. Et harum quidem rerum facilis est et expedita distinctio. Nam libero tempore, cum soluta nobis est eligendi optio cumque nihil impedit quo minus id quod maxime placeat facere possimus, omnis voluptas assumenda est, omnis dolor repellendus. Temporibus autem quibusdam et aut officiis debitis aut rerum necessitatibus saepe eveniet ut et voluptates repudiandae sint et molestiae non recusandae. Itaque earum rerum hic tenetur a sapiente delectus, ut aut reiciendis voluptatibus maiores alias consequatur aut perferendis doloribus asperiores repellat.</p>\n<p>Home Lorem ipsum dolor sit amet, consectetur adipiscing elit, sed do eiusmod tempor incididunt ut labore et dolore magna aliqua. Ut enim ad minim veniam, quis nostrud exercitation ullamco laboris nisi ut aliquip ex ea commodo consequat. Duis aute irure dolor in reprehenderit in voluptate velit esse cillum dolore eu fugiat nulla pariatur. Excepteur sint occaecat cupidatat non proident, sunt in culpa qui officia deserunt mollit anim id est laborum.</p>', unix_timestamp(now()), unix_timestamp(now()));

COMMIT;


-- -----------------------------------------------------
-- Data for table `article_article`
-- -----------------------------------------------------
START TRANSACTION;
INSERT INTO `article_article` (`article_uuid1`, `article_uuid2`, `relationship`) VALUES ('3', '6', 'parent_child');
INSERT INTO `article_article` (`article_uuid1`, `article_uuid2`, `relationship`) VALUES ('3', '7', 'parent_child');
INSERT INTO `article_article` (`article_uuid1`, `article_uuid2`, `relationship`) VALUES ('3', '8', 'parent_child');
INSERT INTO `article_article` (`article_uuid1`, `article_uuid2`, `relationship`) VALUES ('4', '9', 'parent_child');
INSERT INTO `article_article` (`article_uuid1`, `article_uuid2`, `relationship`) VALUES ('4', '10', 'parent_child');
INSERT INTO `article_article` (`article_uuid1`, `article_uuid2`, `relationship`) VALUES ('4', '11', 'parent_child');
INSERT INTO `article_article` (`article_uuid1`, `article_uuid2`, `relationship`) VALUES ('6', '7', 'related_article');
INSERT INTO `article_article` (`article_uuid1`, `article_uuid2`, `relationship`) VALUES ('6', '8', 'related_article');

COMMIT;


-- -----------------------------------------------------
-- Data for table `language`
-- -----------------------------------------------------
START TRANSACTION;
INSERT INTO `language` (`uuid`, `slug`, `code_long`, `title`, `created_on`, `updated_on`) VALUES ('1', 'fr', 'fr_FR', 'French', unix_timestamp(now()), unix_timestamp(now()));
INSERT INTO `language` (`uuid`, `slug`, `code_long`, `title`, `created_on`, `updated_on`) VALUES ('2', 'zh', 'zh-CN', 'Chinese', unix_timestamp(now()), unix_timestamp(now()));

COMMIT;


-- -----------------------------------------------------
-- Data for table `article_template`
-- -----------------------------------------------------
START TRANSACTION;
INSERT INTO `article_template` (`article_uuid`, `template_uuid`) VALUES ('1', '1');
INSERT INTO `article_template` (`article_uuid`, `template_uuid`) VALUES ('2', '2');
INSERT INTO `article_template` (`article_uuid`, `template_uuid`) VALUES ('3', '3');
INSERT INTO `article_template` (`article_uuid`, `template_uuid`) VALUES ('4', '4');

COMMIT;


-- -----------------------------------------------------
-- Data for table `translation`
-- -----------------------------------------------------
START TRANSACTION;
INSERT INTO `translation` (`uuid`, `language_uuid`, `normalised_uuid`, `type`, `subtype`, `value`, `created_on`, `updated_on`) VALUES ('1', '1', '1', 'article', 'title', '(FR) Home', unix_timestamp(now()), unix_timestamp(now()));
INSERT INTO `translation` (`uuid`, `language_uuid`, `normalised_uuid`, `type`, `subtype`, `value`, `created_on`, `updated_on`) VALUES ('2', '1', '1', 'article', 'content', '(FR) Lorem ipsum dolor sit amet, consectetuer adipiscing elit. Aenean commodo ligula eget dolor.', unix_timestamp(now()), unix_timestamp(now()));
INSERT INTO `translation` (`uuid`, `language_uuid`, `normalised_uuid`, `type`, `subtype`, `value`, `created_on`, `updated_on`) VALUES ('3', '1', '2', 'article', 'title', '(FR) About', unix_timestamp(now()), unix_timestamp(now()));
INSERT INTO `translation` (`uuid`, `language_uuid`, `normalised_uuid`, `type`, `subtype`, `value`, `created_on`, `updated_on`) VALUES ('4', '1', '2', 'article', 'content', '(FR) Lorem ipsum dolor sit amet, consectetuer adipiscing elit. Aenean commodo ligula eget dolor.', unix_timestamp(now()), unix_timestamp(now()));
INSERT INTO `translation` (`uuid`, `language_uuid`, `normalised_uuid`, `type`, `subtype`, `value`, `created_on`, `updated_on`) VALUES ('5', '2', '1', 'article', 'title', '(ZH) Home', unix_timestamp(now()), unix_timestamp(now()));
INSERT INTO `translation` (`uuid`, `language_uuid`, `normalised_uuid`, `type`, `subtype`, `value`, `created_on`, `updated_on`) VALUES ('6', '2', '1', 'article', 'content', '(ZH) Lorem ipsum dolor sit amet, consectetuer adipiscing elit. Aenean commodo ligula eget dolor.', unix_timestamp(now()), unix_timestamp(now()));
INSERT INTO `translation` (`uuid`, `language_uuid`, `normalised_uuid`, `type`, `subtype`, `value`, `created_on`, `updated_on`) VALUES ('7', '2', '2', 'article', 'title', '(ZH) About', unix_timestamp(now()), unix_timestamp(now()));
INSERT INTO `translation` (`uuid`, `language_uuid`, `normalised_uuid`, `type`, `subtype`, `value`, `created_on`, `updated_on`) VALUES ('8', '2', '2', 'article', 'content', '(ZH) Lorem ipsum dolor sit amet, consectetuer adipiscing elit. Aenean commodo ligula eget dolor.', unix_timestamp(now()), unix_timestamp(now()));
INSERT INTO `translation` (`uuid`, `language_uuid`, `normalised_uuid`, `type`, `subtype`, `value`, `created_on`, `updated_on`) VALUES ('9', '1', '1', 'nav', 'title', '{FR) Home', unix_timestamp(now()), unix_timestamp(now()));
INSERT INTO `translation` (`uuid`, `language_uuid`, `normalised_uuid`, `type`, `subtype`, `value`, `created_on`, `updated_on`) VALUES ('10', '2', '1', 'nav', 'title', '(CH) Home', unix_timestamp(now()), unix_timestamp(now()));
INSERT INTO `translation` (`uuid`, `language_uuid`, `normalised_uuid`, `type`, `subtype`, `value`, `created_on`, `updated_on`) VALUES ('11', '1', '2', 'nav', 'title', '(FR) About', unix_timestamp(now()), unix_timestamp(now()));
INSERT INTO `translation` (`uuid`, `language_uuid`, `normalised_uuid`, `type`, `subtype`, `value`, `created_on`, `updated_on`) VALUES ('12', '2', '2', 'nav', 'title', '(ZH) About', unix_timestamp(now()), unix_timestamp(now()));
INSERT INTO `translation` (`uuid`, `language_uuid`, `normalised_uuid`, `type`, `subtype`, `value`, `created_on`, `updated_on`) VALUES ('13', '1', '3', 'nav', 'title', '(FR) Blog', unix_timestamp(now()), unix_timestamp(now()));
INSERT INTO `translation` (`uuid`, `language_uuid`, `normalised_uuid`, `type`, `subtype`, `value`, `created_on`, `updated_on`) VALUES ('14', '2', '3', 'nav', 'title', '(ZH) Blog', unix_timestamp(now()), unix_timestamp(now()));
INSERT INTO `translation` (`uuid`, `language_uuid`, `normalised_uuid`, `type`, `subtype`, `value`, `created_on`, `updated_on`) VALUES ('15', '1', '4', 'nav', 'title', '(FR) Projects', unix_timestamp(now()), unix_timestamp(now()));
INSERT INTO `translation` (`uuid`, `language_uuid`, `normalised_uuid`, `type`, `subtype`, `value`, `created_on`, `updated_on`) VALUES ('16', '2', '4', 'nav', 'title', '(ZH) Projects', unix_timestamp(now()), unix_timestamp(now()));
INSERT INTO `translation` (`uuid`, `language_uuid`, `normalised_uuid`, `type`, `subtype`, `value`, `created_on`, `updated_on`) VALUES ('17', '1', '5', 'nav', 'title', '(FR) Contact', unix_timestamp(now()), unix_timestamp(now()));
INSERT INTO `translation` (`uuid`, `language_uuid`, `normalised_uuid`, `type`, `subtype`, `value`, `created_on`, `updated_on`) VALUES ('18', '2', '5', 'nav', 'title', '(ZH) Contact', unix_timestamp(now()), unix_timestamp(now()));
INSERT INTO `translation` (`uuid`, `language_uuid`, `normalised_uuid`, `type`, `subtype`, `value`, `created_on`, `updated_on`) VALUES ('19', '1', '4', 'meta', 'value', '(FR) Lorem ipsum dolor sit amet, consectetuer adipiscing elit. Aenean commodo ligula eget dolor.', unix_timestamp(now()), unix_timestamp(now()));
INSERT INTO `translation` (`uuid`, `language_uuid`, `normalised_uuid`, `type`, `subtype`, `value`, `created_on`, `updated_on`) VALUES ('20', '2', '4', 'meta', 'value', '(ZH) Lorem ipsum dolor sit amet, consectetuer adipiscing elit. Aenean commodo ligula eget dolor.', unix_timestamp(now()), unix_timestamp(now()));
INSERT INTO `translation` (`uuid`, `language_uuid`, `normalised_uuid`, `type`, `subtype`, `value`, `created_on`, `updated_on`) VALUES ('21', '1', '1', 'article_resource', 'title', '(FR) Sample title 1', unix_timestamp(now()), unix_timestamp(now()));
INSERT INTO `translation` (`uuid`, `language_uuid`, `normalised_uuid`, `type`, `subtype`, `value`, `created_on`, `updated_on`) VALUES ('22', '2', '1', 'article_resource', 'title', '(ZH) Sample title 1', unix_timestamp(now()), unix_timestamp(now()));

COMMIT;


-- -----------------------------------------------------
-- Data for table `user_person`
-- -----------------------------------------------------
START TRANSACTION;
INSERT INTO `user_person` (`user_uuid`, `person_uuid`) VALUES ('1', '1');
INSERT INTO `user_person` (`user_uuid`, `person_uuid`) VALUES ('2', '2');

COMMIT;


-- -----------------------------------------------------
-- Data for table `nav_article`
-- -----------------------------------------------------
START TRANSACTION;
INSERT INTO `nav_article` (`nav_uuid`, `article_uuid`) VALUES ('1', '1');
INSERT INTO `nav_article` (`nav_uuid`, `article_uuid`) VALUES ('2', '2');
INSERT INTO `nav_article` (`nav_uuid`, `article_uuid`) VALUES ('3', '3');
INSERT INTO `nav_article` (`nav_uuid`, `article_uuid`) VALUES ('4', '4');
INSERT INTO `nav_article` (`nav_uuid`, `article_uuid`) VALUES ('5', '5');

COMMIT;

